subreddit_name,chance,is_nsfw
announcements,0.02080791560452482,nsfw=false
funny,0.016680037940822817,nsfw=false
AskReddit,0.01644184288880415,nsfw=false
todayilearned,0.016093508356240144,nsfw=false
worldnews,0.01601124818686925,nsfw=false
science,0.015988810313529545,nsfw=false
pics,0.01594479147942654,nsfw=false
gaming,0.015492533305587588,nsfw=false
IAmA,0.015408633227294142,nsfw=false
videos,0.015193481130314067,nsfw=false
movies,0.015026107281287754,nsfw=false
aww,0.01465224156709669,nsfw=false
Music,0.01444776864640735,nsfw=false
blog,0.014103957615237157,nsfw=false
gifs,0.013803875769686268,nsfw=false
news,0.01373108719168148,nsfw=false
explainlikeimfive,0.013330542015821154,nsfw=false
askscience,0.013243821947394114,nsfw=false
EarthPorn,0.01304893149241627,nsfw=false
books,0.01243993223332506,nsfw=false
television,0.012425072492569288,nsfw=false
mildlyinteresting,0.012207076339706233,nsfw=false
LifeProTips,0.012072552238593945,nsfw=false
Showerthoughts,0.012019754562910778,nsfw=false
space,0.01183961555281646,nsfw=false
DIY,0.011712984158012245,nsfw=false
Jokes,0.011639902493559558,nsfw=false
gadgets,0.011522439289780955,nsfw=false
nottheonion,0.011488822875850726,nsfw=false
sports,0.011413656945602866,nsfw=false
food,0.011362128738199893,nsfw=false
tifu,0.011361020854237016,nsfw=false
InternetIsBeautiful,0.011262978710214177,nsfw=false
photoshopbattles,0.01125497770803386,nsfw=false
Documentaries,0.011216227554064635,nsfw=false
dataisbeautiful,0.01116324766627896,nsfw=false
UpliftingNews,0.011162402786577248,nsfw=false
Futurology,0.011150288260233758,nsfw=false
GetMotivated,0.011146852874508683,nsfw=false
history,0.011139884980569933,nsfw=false
listentothis,0.011124537908389064,nsfw=false
personalfinance,0.011072101218946709,nsfw=false
OldSchoolCool,0.01099395285475689,nsfw=false
Art,0.010956012341356345,nsfw=false
philosophy,0.010924414871901524,nsfw=false
WritingPrompts,0.010524498843489471,nsfw=false
nosleep,0.010516368917651722,nsfw=false
creepy,0.010468209915163007,nsfw=false
TwoXChromosomes,0.010022505360576917,nsfw=false
Fitness,0.005467676377499085,nsfw=false
technology,0.005257297893808245,nsfw=false
WTF,0.004387274640931112,nsfw=false
bestof,0.00419249591978971,nsfw=false
AdviceAnimals,0.003986310892929652,nsfw=false
politics,0.0032646701748478457,nsfw=false
atheism,0.0018598586985713046,nsfw=false
interestingasfuck,0.0018005185770189173,nsfw=false
woahdude,0.0014930373730224023,nsfw=false
europe,0.0014632628840836877,nsfw=false
BlackPeopleTwitter,0.0014080508980423173,nsfw=false
oddlysatisfying,0.0013463703823619895,nsfw=false
leagueoflegends,0.0012439431150043168,nsfw=false
gonewild,0.001224549558962138,nsfw=true
reactiongifs,0.001222285659537608,nsfw=false
pcmasterrace,0.00120780581382574,nsfw=false
wholesomememes,0.0012013157969105435,nsfw=false
gameofthrones,0.001119680477532677,nsfw=false
Unexpected,0.001105797118609201,nsfw=false
facepalm,0.0010753470697055355,nsfw=false
Overwatch,0.0010365350323807408,nsfw=false
lifehacks,0.0010085628961729448,nsfw=false
Android,0.000985461495742982,nsfw=false
me_irl,0.0009849861971925778,nsfw=false
relationships,0.0009743328056333326,nsfw=false
trees,0.0009715695419090104,nsfw=false
Games,0.0009274183461843747,nsfw=false
nba,0.0009272636377954547,nsfw=false
Whatcouldgowrong,0.0009239081847379886,nsfw=false
NatureIsFuckingLit,0.0009061760248946013,nsfw=false
programming,0.0009027277468037832,nsfw=false
memes,0.0008941362742724226,nsfw=false
dankmemes,0.0008794011597188367,nsfw=false
tattoos,0.0008728569948675182,nsfw=false
CrappyDesign,0.0008597557727991381,nsfw=false
travel,0.0008130707974604116,nsfw=false
malefashionadvice,0.0008123599983624289,nsfw=false
nsfw,0.0008018638936652526,nsfw=true
soccer,0.0008003898665152643,nsfw=false
AnimalsBeingJerks,0.0007932088187962249,nsfw=false
cringepics,0.0007860458203892263,nsfw=false
pokemon,0.0007843689533515427,nsfw=false
comics,0.0007797405940496843,nsfw=false
mildlyinfuriating,0.0007784444815469541,nsfw=false
sex,0.0007782003860888802,nsfw=false
HistoryPorn,0.0007766584591459769,nsfw=false
NSFW_GIF,0.0007731551736279872,nsfw=true
Tinder,0.0007673063370357595,nsfw=false
4chan,0.0007625378806928234,nsfw=false
buildapc,0.0007571952843287842,nsfw=false
FoodPorn,0.0007569950229142377,nsfw=false
instant_regret,0.0007559335514680361,nsfw=false
RealGirls,0.0007506408055848711,nsfw=true
GifRecipes,0.0007461465268867434,nsfw=false
StarWars,0.0007460554208354905,nsfw=false
Frugal,0.0007440725749841651,nsfw=false
PS4,0.0007408915986097588,nsfw=false
OutOfTheLoop,0.0007314569653587839,nsfw=false
AnimalsBeingBros,0.0007305940363450298,nsfw=false
Eyebleach,0.000713998983160205,nsfw=false
loseit,0.0007058802307061003,nsfw=false
Bitcoin,0.0007023838211165069,nsfw=false
trippinthroughtime,0.0006957984006948098,nsfw=false
nonononoyes,0.0006903285996554362,nsfw=false
fffffffuuuuuuuuuuuu,0.0006850221019154782,nsfw=false
pokemongo,0.0006808716196371729,nsfw=false
hiphopheads,0.0006792385866430168,nsfw=false
HighQualityGifs,0.0006776158675414552,nsfw=false
YouShouldKnow,0.0006775685955337297,nsfw=false
wheredidthesodago,0.0006737971488082785,nsfw=false
RoastMe,0.0006730485321041153,nsfw=false
rickandmorty,0.0006715461417494917,nsfw=false
ImGoingToHellForThis,0.0006632683834512191,nsfw=true
nfl,0.0006628094152307562,nsfw=false
reddit.com,0.0006624664783019834,nsfw=false
cringe,0.0006415206814243068,nsfw=false
AskHistorians,0.0006405236718068219,nsfw=false
dadjokes,0.0006327495752635891,nsfw=false
Cooking,0.0006311810040981496,nsfw=false
RoomPorn,0.0006226539933955058,nsfw=false
FiftyFifty,0.0006170208890567165,nsfw=false
xboxone,0.0006118458934473406,nsfw=false
trashy,0.0006014795718986472,nsfw=false
hearthstone,0.0006008787876550076,nsfw=false
holdmybeer,0.0005956376112348159,nsfw=false
Damnthatsinteresting,0.0005935662378053863,nsfw=false
EatCheapAndHealthy,0.000589216353603584,nsfw=false
baseball,0.0005882846653058654,nsfw=false
quityourbullshit,0.0005808414728167116,nsfw=false
hmmm,0.0005806171456527775,nsfw=false
youtubehaiku,0.0005798461821813259,nsfw=false
cats,0.0005759939432972164,nsfw=false
anime,0.0005746221955821253,nsfw=false
iamverysmart,0.0005721279525563141,nsfw=false
bodyweightfitness,0.0005709401359258279,nsfw=false
CryptoCurrency,0.0005705971989970551,nsfw=false
humor,0.0005704442095902341,nsfw=false
PeopleFuckingDying,0.0005647363295301336,nsfw=false
apple,0.0005571160818847712,nsfw=false
BetterEveryLoop,0.0005534426171389694,nsfw=false
itookapicture,0.0005519428052574944,nsfw=false
Wellthatsucks,0.0005512620883462461,nsfw=false
scifi,0.0005490360065278964,nsfw=false
GlobalOffensive,0.0005467703881212671,nsfw=false
pcgaming,0.0005452602623471975,nsfw=false
conspiracy,0.0005415721862535532,nsfw=false
holdthemoan,0.0005381488334031721,nsfw=true
MovieDetails,0.0005360293284749673,nsfw=false
BikiniBottomTwitter,0.0005250716770841795,nsfw=false
thatHappened,0.0005246806086566316,nsfw=false
streetwear,0.0005235985094252407,nsfw=false
boardgames,0.0005234343466347756,nsfw=false
The_Donald,0.0005198390955744834,nsfw=false
rarepuppers,0.0005171514670625221,nsfw=false
Minecraft,0.0005170371547529312,nsfw=false
comicbooks,0.0005166280370133426,nsfw=false
AbandonedPorn,0.0005135295717796937,nsfw=false
howto,0.0005057683676022041,nsfw=false
oldpeoplefacebook,0.0005051211708418886,nsfw=false
shittyaskscience,0.000504882232330112,nsfw=false
keto,0.0005037777863314327,nsfw=false
MadeMeSmile,0.0005016092904134033,nsfw=false
PUBATTLEGROUNDS,0.0005011331323719493,nsfw=false
freebies,0.000500843483888249,nsfw=false
wow,0.0004997974832809394,nsfw=false
NintendoSwitch,0.0004985168416171012,nsfw=false
nevertellmetheodds,0.00049849965179611,nsfw=false
woodworking,0.0004969835095846936,nsfw=false
gardening,0.0004968709162572017,nsfw=false
FortNiteBR,0.0004955773822276201,nsfw=false
educationalgifs,0.0004946560078224962,nsfw=false
reallifedoodles,0.0004939606795634055,nsfw=false
PrequelMemes,0.0004926705834980221,nsfw=false
NetflixBestOf,0.0004895257057476971,nsfw=false
AskMen,0.0004893005190927135,nsfw=false
cars,0.0004874122172568393,nsfw=false
ChildrenFallingOver,0.00048610063391521703,nsfw=false
photography,0.0004853528767021034,nsfw=false
MealPrepSunday,0.00048437735436085747,nsfw=false
BeAmazed,0.0004820859512227415,nsfw=false
changemyview,0.000480093650969871,nsfw=false
learnprogramming,0.000479778217754684,nsfw=false
hockey,0.00047877691068195144,nsfw=false
PerfectTiming,0.00047596207749465595,nsfw=false
iphone,0.00047565352020786537,nsfw=false
blackmagicfuckery,0.00047273382911252405,nsfw=false
AskWomen,0.00047222758888433564,nsfw=false
slowcooking,0.00046966200810141134,nsfw=false
spaceporn,0.0004681458658899948,nsfw=false
MakeupAddiction,0.0004641363401438166,nsfw=false
BustyPetite,0.0004603760668020097,nsfw=true
HumansBeingBros,0.00045996265160717334,nsfw=false
relationship_advice,0.00045802020183517705,nsfw=false
DunderMifflin,0.00045607861155423033,nsfw=false
recipes,0.0004558181857662149,nsfw=false
battlestations,0.0004544911315857006,nsfw=false
GameDeals,0.00045330675291941263,nsfw=false
therewasanattempt,0.00044999685288757294,nsfw=false
JusticePorn,0.00044857095723635975,nsfw=false
DestinyTheGame,0.00044785929864732746,nsfw=false
investing,0.00044532208106903853,nsfw=false
SkincareAddiction,0.00044529973430175007,nsfw=false
frugalmalefashion,0.00044405519126199317,nsfw=false
NoStupidQuestions,0.0004418359853720399,nsfw=false
MMA,0.00044142428915930267,nsfw=false
ProgrammerHumor,0.00044118105319227834,nsfw=false
madlads,0.0004393211145610394,nsfw=false
AnimalsBeingDerps,0.000437361474968052,nsfw=false
MemeEconomy,0.0004364650258033653,nsfw=false
talesfromtechsupport,0.00043642377023298657,nsfw=false
natureismetal,0.0004356029562806607,nsfw=false
ContagiousLaughter,0.0004320025482740711,nsfw=false
offmychest,0.00043036435833361764,nsfw=false
DnD,0.0004299019521489566,nsfw=false
skyrim,0.00042958565944272,nsfw=false
nintendo,0.0004294859584809715,nsfw=false
GamePhysics,0.00042930030841426746,nsfw=false
nononono,0.0004275048316117453,nsfw=false
Steam,0.0004222507628258102,nsfw=false
ATBGE,0.0004222172426748775,nsfw=false
nsfw_gifs,0.00042136118958951984,nsfw=true
dogs,0.0004171840630886783,nsfw=false
confession,0.00041241044979944497,nsfw=false
gentlemanboners,0.0004101551452854104,nsfw=false
insanepeoplefacebook,0.00040901202218950104,nsfw=false
youseeingthisshit,0.0004082926281810228,nsfw=false
whatisthisthing,0.00040803048341090824,nsfw=false
urbanexploration,0.00040777091711394236,nsfw=false
MurderedByWords,0.0004064481603886759,nsfw=false
thewalkingdead,0.00040480739197507374,nsfw=false
WhitePeopleTwitter,0.000402374172813781,nsfw=false
Roadcam,0.00039718370636551313,nsfw=false
starterpacks,0.00039582571050721484,nsfw=false
MapPorn,0.0003914010505841012,nsfw=false
firstworldanarchists,0.00039106584907477437,nsfw=false
wallpapers,0.00039035590946784126,nsfw=false
geek,0.0003878917486287645,nsfw=false
OSHA,0.0003876622645185331,nsfw=false
FanTheories,0.0003875376383163475,nsfw=false
niceguys,0.00038615213874446347,nsfw=false
entertainment,0.0003856338656415813,nsfw=false
Amateur,0.0003842071104993185,nsfw=true
Economics,0.00038403435279835775,nsfw=false
femalefashionadvice,0.00038255602819312165,nsfw=false
Awwducational,0.0003818735922997743,nsfw=false
math,0.00038115935523759336,nsfw=false
BuyItForLife,0.0003770879461358472,nsfw=false
teenagers,0.00037684900762407066,nsfw=false
thisismylifenow,0.0003756139189858589,nsfw=false
savedyouaclick,0.0003737247576589351,nsfw=false
KenM,0.00037133279406802107,nsfw=false
OopsDidntMeanTo,0.0003705669875428668,nsfw=false
meirl,0.0003702541328008284,nsfw=false
cumsluts,0.0003699180718004521,nsfw=true
asoiaf,0.00036757166123516457,nsfw=false
CampingandHiking,0.00036728888867986067,nsfw=false
electronicmusic,0.00036539628938873865,nsfw=false
DotA2,0.00036518141662634964,nsfw=false
TalesFromRetail,0.00036475167110157174,nsfw=false
UNBGBBIIVCHIDCTIICBG,0.0003645049971703492,nsfw=false
LearnUselessTalents,0.0003644190480653936,nsfw=false
CozyPlaces,0.00036285993130149923,nsfw=false
UnethicalLifeProTips,0.0003618147901852393,nsfw=false
writing,0.0003617546258117704,nsfw=false
harrypotter,0.00036173141955343237,nsfw=false
wallpaper,0.0003597227889706203,nsfw=false
raspberry_pi,0.00035914435149426917,nsfw=false
running,0.00035741935295781054,nsfw=false
westworld,0.0003540707758287409,nsfw=false
TrollXChromosomes,0.00035262339290128875,nsfw=false
PetiteGoneWild,0.0003504798222236964,nsfw=true
shittyfoodporn,0.0003496297855756857,nsfw=false
Entrepreneur,0.00034895422561073475,nsfw=false
TrueReddit,0.0003486688745822822,nsfw=false
motorcycles,0.0003476091221181798,nsfw=false
polandball,0.00034742519103357487,nsfw=false
Drugs,0.0003469842721251527,nsfw=false
ProRevenge,0.00034347411067876647,nsfw=false
shutupandtakemymoney,0.00034273838634034663,nsfw=false
business,0.00034237911908163233,nsfw=false
TumblrInAction,0.0003418531105593041,nsfw=false
olympics,0.00034172762486606894,nsfw=false
Sneakers,0.0003415196280320764,nsfw=false
nostalgia,0.0003400378654626421,nsfw=false
Fallout,0.0003400026263296103,nsfw=false
MaliciousCompliance,0.00033954022014494925,nsfw=false
GirlsFinishingTheJob,0.00033935542956929475,nsfw=true
ExpectationVsReality,0.0003389033372772283,nsfw=false
pettyrevenge,0.000338375609772801,nsfw=false
legaladvice,0.00033723248667689174,nsfw=false
RocketLeague,0.00033649504335637277,nsfw=false
ArtisanVideos,0.0003361925025069291,nsfw=false
Justrolledintotheshop,0.00033467034385816565,nsfw=false
environment,0.000333137011825758,nsfw=false
whitepeoplegifs,0.000333090599309082,nsfw=false
CFB,0.0003318761384560595,nsfw=false
DoesAnybodyElse,0.0003318391803409286,nsfw=false
progresspics,0.00033178417291375705,nsfw=false
JusticeServed,0.00032840379461585375,nsfw=false
UnresolvedMysteries,0.00032776949022128154,nsfw=false
assholedesign,0.00032709135178318196,nsfw=false
babyelephantgifs,0.0003270647075606457,nsfw=false
DeepIntoYouTube,0.00032614505213762095,nsfw=false
evilbuildings,0.00032500364802381075,nsfw=false
socialskills,0.0003235803308457462,nsfw=false
ShittyLifeProTips,0.0003232434103543203,nsfw=false
StartledCats,0.0003231110487326887,nsfw=false
ANormalDayInRussia,0.00032253690871158537,nsfw=false
calvinandhobbes,0.0003224896367038598,nsfw=false
PoliticalHumor,0.00032198855342196873,nsfw=false
AccidentalRenaissance,0.0003218759600944769,nsfw=false
ass,0.0003217453174549444,nsfw=true
breakingbad,0.00032167827715307907,nsfw=false
IdiotsFightingThings,0.0003206425904383642,nsfw=false
coolguides,0.00032051366678093084,nsfw=false
Rainbow6,0.0003197848183709075,nsfw=false
QuotesPorn,0.00031919091005566436,nsfw=false
financialindependence,0.0003188943856435676,nsfw=false
guns,0.00031839416185272605,nsfw=false
blunderyears,0.0003182686761594909,nsfw=false
justneckbeardthings,0.0003174504406803137,nsfw=false
outside,0.00031695451434471996,nsfw=false
chemicalreactiongifs,0.00031685567287402104,nsfw=false
backpacking,0.0003167362036181328,nsfw=false
AsiansGoneWild,0.0003162050381495072,nsfw=true
HomeImprovement,0.00031486681058534875,nsfw=false
Guitar,0.0003145539558433104,nsfw=false
carporn,0.000314401825927539,nsfw=false
ofcoursethatsathing,0.0003129836656957718,nsfw=false
tipofmytongue,0.00031265534011484146,nsfw=false
canada,0.0003111116941898391,nsfw=false
buildapcsales,0.00031107473607470823,nsfw=false
offbeat,0.0003110300425401313,nsfw=false
Cinemagraphs,0.00031067077528141695,nsfw=false
psychology,0.0003104301177875413,nsfw=false
marvelstudios,0.00030917697983728887,nsfw=false
ColorizedHistory,0.0003091623684894464,nsfw=false
standupshots,0.0003090918902233828,nsfw=false
porninfifteenseconds,0.0003089853133332379,nsfw=true
DesignPorn,0.0003089535121644043,nsfw=false
CasualConversation,0.0003089346033613141,nsfw=false
bodybuilding,0.0003081421526136236,nsfw=false
h3h3productions,0.0003080467491071229,nsfw=false
LegalTeens,0.00030788000784350906,nsfw=true
Astronomy,0.00030736345372272595,nsfw=false
ethereum,0.0003071554568887334,nsfw=false
WatchPeopleDieInside,0.00030642059204136316,nsfw=false
southpark,0.00030622634706416353,nsfw=false
beta,0.00030617305861909105,nsfw=false
INEEEEDIT,0.0003045168193665969,nsfw=false
adorableporn,0.00030429163271161324,nsfw=true
SubredditDrama,0.0003027007147788853,nsfw=false
freefolk,0.00030236551326955855,nsfw=false
creepyPMs,0.0003021050874815431,nsfw=false
depression,0.0003015163361125973,nsfw=false
watchpeopledie,0.0003005451112265992,nsfw=true
iamverybadass,0.00030051245056671606,nsfw=false
horror,0.0002998016514687334,nsfw=false
Marvel,0.0002992309494118283,nsfw=false
everymanshouldknow,0.0002988794175725599,nsfw=false
greentext,0.0002983233268634973,nsfw=false
PenmanshipPorn,0.00029771824516460995,nsfw=false
youdontsurf,0.00029656652715820506,nsfw=false
LetsNotMeet,0.0002963129772985861,nsfw=false
rule34,0.00029594339614727705,nsfw=true
IASIP,0.0002958806533006595,nsfw=false
milf,0.000295196498425213,nsfw=true
CringeAnarchy,0.0002946223584041097,nsfw=false
Physics,0.0002938857745746403,nsfw=false
IWantToLearn,0.00029369582705268845,nsfw=false
2meirl4meirl,0.0002915213146973121,nsfw=false
formula1,0.00029095920755090255,nsfw=false
SquaredCircle,0.00029059134538169263,nsfw=false
FellowKids,0.00029036873719985763,nsfw=false
beer,0.0002885724009062859,nsfw=false
Celebs,0.00028849332772972673,nsfw=false
ChoosingBeggars,0.00028847098096243827,nsfw=false
foodhacks,0.0002874550625418632,nsfw=false
DiWHY,0.0002871937772627982,nsfw=false
CrazyIdeas,0.00028715681914766734,nsfw=false
tumblr,0.00028703563090967996,nsfw=false
holdmycosmo,0.00028463249393512175,nsfw=false
Justfuckmyshitup,0.00028417610418780755,nsfw=false
WhyWereTheyFilming,0.0002839999085226486,nsfw=false
baconreader,0.0002839767022643106,nsfw=false
OnOff,0.00028360024518460516,nsfw=true
CityPorn,0.0002834704620361222,nsfw=false
lego,0.0002831034593579618,nsfw=false
SweatyPalms,0.00028296250282583467,nsfw=false
Design,0.0002824940802038267,nsfw=false
BiggerThanYouThought,0.0002819087667990792,nsfw=true
NotMyJob,0.0002818804035944438,nsfw=false
PublicFreakout,0.0002816749852336,nsfw=false
CatastrophicFailure,0.0002798004352545186,nsfw=false
hacking,0.0002796250990804092,nsfw=false
corgi,0.0002784854139486981,nsfw=false
likeus,0.0002783143752298365,nsfw=false
shittyrobots,0.0002781304441452315,nsfw=false
ThriftStoreHauls,0.00027750473466115486,nsfw=false
Boobies,0.00027718930144596786,nsfw=true
worldpolitics,0.0002740057465984129,nsfw=false
HappyEmbarrassedGirls,0.0002732614273494975,nsfw=true
NoFap,0.00027277753388859754,nsfw=false
web_design,0.00027249733980644233,nsfw=false
WatchItForThePlot,0.00027218878251965175,nsfw=true
Twitch,0.0002719532819720735,nsfw=false
futurama,0.00027158971725811133,nsfw=false
blackpeoplegifs,0.0002703125135584713,nsfw=false
jailbreak,0.00027014577229485747,nsfw=false
boottoobig,0.0002669716718488476,nsfw=false
StrangerThings,0.0002656050810800538,nsfw=false
de_IAmA,0.0002652071367241094,nsfw=false
theydidthemath,0.00026500343734536466,nsfw=false
circlejerk,0.00026490029841941796,nsfw=false
powerwashingporn,0.00026488912503577376,nsfw=false
fantasyfootball,0.0002647851266187775,nsfw=false
Shitty_Car_Mods,0.00026455306403539737,nsfw=false
getdisciplined,0.0002643957771733287,nsfw=false
NSFWFunny,0.0002631486556604231,nsfw=true
combinedgifs,0.00026194107073579707,nsfw=false
PewdiepieSubmissions,0.00026069910616918887,nsfw=false
drawing,0.00026034585534782137,nsfw=false
WeAreTheMusicMakers,0.0002597734343088172,nsfw=false
sadcringe,0.0002593273584540977,nsfw=false
pawg,0.0002589620747580364,nsfw=true
homemadexxx,0.00025877642469133234,nsfw=true
linux,0.0002583819182995862,nsfw=false
60fpsporn,0.0002577888694753927,nsfw=true
softwaregore,0.0002572834887382538,nsfw=false
yesyesyesyesno,0.0002570436907354277,nsfw=false
mechanical_gifs,0.00025498692865384053,nsfw=false
Fantasy,0.0002548365177201682,nsfw=false
DeepFriedMemes,0.0002543156661441374,nsfw=false
doctorwho,0.000254148065389474,nsfw=false
dirtysmall,0.0002538498219952781,nsfw=true
minimalism,0.0002533195160177021,nsfw=false
Perfectfit,0.00025326021113528276,nsfw=false
surrealmemes,0.00025323872385904386,nsfw=false
fakehistoryporn,0.00025256660185829114,nsfw=false
NSFW_Snapchat,0.00025254855254625046,nsfw=true
TittyDrop,0.00025190307476803404,nsfw=true
manga,0.0002505545333112809,nsfw=false
LipsThatGrip,0.0002491982564350817,nsfw=true
vinyl,0.00024851753952383345,nsfw=false
WeWantPlates,0.00024789354902185587,nsfw=false
indianpeoplefacebook,0.00024765632949217846,nsfw=false
DepthHub,0.00024743372131034346,nsfw=false
collegesluts,0.0002467065918824192,nsfw=true
Parenting,0.00024656563535029204,nsfw=false
Filmmakers,0.00024647710777218776,nsfw=false
LateStageCapitalism,0.00024583936541341733,nsfw=false
Watches,0.00024495237065027566,nsfw=false
MachineLearning,0.0002448586861258741,nsfw=false
StoppedWorking,0.00024464295387243557,nsfw=false
shittyreactiongifs,0.0002441487465189409,nsfw=false
girlsinyogapants,0.00024328753648728593,nsfw=true
Meditation,0.00024279418862484085,nsfw=false
howtonotgiveafuck,0.00024232318752968424,nsfw=false
celebnsfw,0.00024229654330714802,nsfw=true
ScottishPeopleTwitter,0.00024221059420219241,nsfw=false
dankchristianmemes,0.00024168458567986424,nsfw=false
kpop,0.00024142931683814614,nsfw=false
TheSilphRoad,0.00024092823355625505,nsfw=false
thalassophobia,0.00024044348060430555,nsfw=false
MorbidReality,0.0002400644450514514,nsfw=true
gifsthatkeepongiving,0.00023868324293481512,nsfw=false
Health,0.0002383875780137679,nsfw=false
nsfwhardcore,0.00023782718984945747,nsfw=true
indieheads,0.00023768709280837984,nsfw=false
smashbros,0.0002375710615166898,nsfw=false
subredditoftheday,0.00023687057631130177,nsfw=false
Zoomies,0.00023669008319089505,nsfw=false
PoliticalDiscussion,0.0002363557411726178,nsfw=false
seduction,0.00023585207941757805,nsfw=false
cosplaygirls,0.00023521691553195627,nsfw=false
ComedyCemetery,0.00023404628872246116,nsfw=false
hardware,0.00023319711156549996,nsfw=false
gonewildcurvy,0.00023312405482628771,nsfw=true
nasa,0.0002316397137837047,nsfw=false
crappyoffbrands,0.00022997573911176454,nsfw=false
DadReflexes,0.0002299164342293452,nsfw=false
crafts,0.00022975914736727646,nsfw=false
TrollYChromosome,0.0002297505524567809,nsfw=false
gatekeeping,0.00022958982763051397,nsfw=false
bicycling,0.00022942308636690012,nsfw=false
truegaming,0.00022834786306390572,nsfw=false
MechanicalKeyboards,0.00022783302792522174,nsfw=false
google,0.00022718669065595573,nsfw=false
TheRedPill,0.00022690219911855275,nsfw=false
totallynotrobots,0.00022534394184570792,nsfw=false
malelivingspace,0.00022479214859189307,nsfw=false
graphic_design,0.0002247895701187444,nsfw=false
MURICA,0.00022411315066274393,nsfw=false
worldbuilding,0.00022366191786172708,nsfw=false
netflix,0.00022342555782309923,nsfw=false
techsupportgore,0.00022336969090487808,nsfw=false
asstastic,0.00022306972852858308,nsfw=true
PandR,0.00022300010975356905,nsfw=false
Pareidolia,0.0002229992502625195,nsfw=false
javascript,0.00022276117124179253,nsfw=false
Bundesliga,0.0002226468589322016,nsfw=false
xxfitness,0.00022237096230529415,nsfw=false
dating_advice,0.00022222570831791923,nsfw=false
EmpireDidNothingWrong,0.00022200653810028247,nsfw=false
im14andthisisdeep,0.00022146591823011183,nsfw=false
Blowjobs,0.0002212562024140202,nsfw=true
gamedev,0.0002208702909327696,nsfw=false
startups,0.0002204164796586041,nsfw=false
FloridaMan,0.00022028669651012116,nsfw=false
CollegeBasketball,0.00021931890958832125,nsfw=false
disneyvacation,0.00021882814019902485,nsfw=false
Metal,0.00021835370113967,nsfw=false
AMA,0.00021819813325970038,nsfw=false
wallstreetbets,0.00021778987501116134,nsfw=false
KerbalSpaceProgram,0.00021777784213646757,nsfw=false
3DS,0.00021745467350183455,nsfw=false
CatsStandingUp,0.00021737388134317632,nsfw=false
teslamotors,0.0002173197334070543,nsfw=false
spacex,0.00021605886003735582,nsfw=false
beermoney,0.00021595829958455777,nsfw=false
perfectloops,0.00021595658060245867,nsfw=false
netsec,0.0002150051240106003,nsfw=false
self,0.0002148263498722927,nsfw=false
Bossfight,0.0002147911107392609,nsfw=false
AnimalTextGifs,0.0002145478747722366,nsfw=false
raisedbynarcissists,0.00021318386247659143,nsfw=false
palegirls,0.0002124575925397167,nsfw=true
ActLikeYouBelong,0.00021181039577940113,nsfw=false
magicTCG,0.00021076009771684386,nsfw=false
redditgetsdrawn,0.00021066211573719448,nsfw=false
SubredditSimulator,0.00021011547942967695,nsfw=false
Prematurecelebration,0.00020912448624953902,nsfw=false
LivestreamFail,0.00020899384361000654,nsfw=false
fullmoviesonyoutube,0.0002086414522796886,nsfw=false
childfree,0.00020801918075981016,nsfw=false
nbastreams,0.00020760232760077556,nsfw=false
Cyberpunk,0.00020750950256742353,nsfw=false
biology,0.00020708233551579427,nsfw=false
sysadmin,0.0002066121939116872,nsfw=false
Python,0.00020585068484178069,nsfw=false
IDontWorkHereLady,0.0002055309541713459,nsfw=false
nocontext,0.00020551892129665213,nsfw=false
holdmyjuicebox,0.0002049465002576479,nsfw=false
audiophile,0.00020458379503473533,nsfw=false
nsfwcosplay,0.00020409990157383538,nsfw=true
compsci,0.00020253476837259413,nsfw=false
GWCouples,0.00020247460399912522,nsfw=true
ThingsCutInHalfPorn,0.00020207923811632953,nsfw=false
stocks,0.00020183514265825566,nsfw=false
curvy,0.00020167355834093913,nsfw=true
fo4,0.00020134179479581058,nsfw=false
trashyboners,0.0002012206065578232,nsfw=true
camping,0.00020112090559607472,nsfw=false
civ,0.00020102722107167312,nsfw=false
happy,0.00020085188489756372,nsfw=false
holdmyfries,0.00020082781914817615,nsfw=false
TheLastAirbender,0.00020047972527310602,nsfw=false
pornvids,0.0002004762873089078,nsfw=true
Simulated,0.00020033103332153286,nsfw=false
techsupport,0.00020011702005019345,nsfw=false
anime_irl,0.0001996099203309555,nsfw=false
behindthegifs,0.00019945521194203542,nsfw=false
Glitch_in_the_Matrix,0.00019921541393920933,nsfw=false
hentai,0.0001991380597447493,nsfw=true
somethingimade,0.00019797602784574976,nsfw=false
StraightGirlsPlaying,0.00019790984703493397,nsfw=true
cordcutters,0.00019650629815100922,nsfw=false
aviation,0.00019647621596427476,nsfw=false
NeutralPolitics,0.00019615132834754264,nsfw=false
ketorecipes,0.00019608858550092506,nsfw=false
FunnyandSad,0.00019602584265430748,nsfw=false
podcasts,0.00019519815277358517,nsfw=false
Homebrewing,0.00019462916969877918,nsfw=false
AccidentalWesAnderson,0.00019436186798236731,nsfw=false
freeuse,0.00019415215216627568,nsfw=true
misleadingthumbnails,0.00019285861813669408,nsfw=false
britishproblems,0.0001921821986806936,nsfw=false
redheads,0.00019176018857536167,nsfw=true
thick,0.00019114909043912746,nsfw=true
theocho,0.00019008590001082685,nsfw=false
AsianHotties,0.0001898701677573883,nsfw=true
Foodforthought,0.00018947738034774127,nsfw=false
rage,0.00018944300070575904,nsfw=false
jesuschristreddit,0.00018927110249584788,nsfw=false
juicyasians,0.00018917827746249582,nsfw=true
edmproduction,0.00018883963798897082,nsfw=false
drunk,0.00018871415229573566,nsfw=false
Libertarian,0.00018867805367165432,nsfw=false
ginger,0.00018843653668672913,nsfw=true
RetroFuturism,0.0001883239433592373,nsfw=false
GirlswithGlasses,0.00018812883889098811,nsfw=true
FestivalSluts,0.0001880901617937581,nsfw=true
Survival,0.00018791396612859913,nsfw=false
chemistry,0.00018785294226408066,nsfw=false
mac,0.00018742147775720362,nsfw=false
webdev,0.00018735787541953648,nsfw=false
JUSTNOMIL,0.0001873458425448427,nsfw=false
soccerstreams,0.00018725989343988713,nsfw=false
witcher,0.00018720488601271554,nsfw=false
literature,0.00018702267391020969,nsfw=false
homestead,0.00018682241249566318,nsfw=false
tippytaps,0.00018665910919624757,nsfw=false
holdmyredbull,0.00018653104502986374,nsfw=false
solotravel,0.00018642704661286748,nsfw=false
privacy,0.00018625342942085718,nsfw=false
astrophotography,0.00018587009641275528,nsfw=false
rpg,0.00018584173320811994,nsfw=false
TinyTits,0.00018578930425409702,nsfw=true
wikipedia,0.00018530369181109796,nsfw=false
IdiotsInCars,0.00018464875963133636,nsfw=false
australia,0.00018393538206020499,nsfw=false
gonewildstories,0.00018381333433116807,nsfw=true
TheDepthsBelow,0.00018335350661965568,nsfw=false
AsianBeauty,0.00018330709410297965,nsfw=false
EngineeringPorn,0.00018302518103872531,nsfw=false
SandersForPresident,0.00018262293922753316,nsfw=false
Graffiti,0.00018228859720925594,nsfw=false
wiiu,0.00018203332836753784,nsfw=false
workgonewild,0.00018140589990136205,nsfw=true
MonsterHunter,0.00018122368779885622,nsfw=false
TheSimpsons,0.00018062891999256355,nsfw=false
ArtefactPorn,0.00017962417495563272,nsfw=false
dank_meme,0.0001795872168405018,nsfw=false
place,0.00017940242626484731,nsfw=false
dontdeadopeninside,0.0001793035847941484,nsfw=false
thenetherlands,0.0001790096388552003,nsfw=false
GoneWildTube,0.0001790053413999525,nsfw=true
lgbt,0.00017892884669654203,nsfw=false
hiking,0.00017841830901310583,nsfw=false
nutrition,0.0001781518667877435,nsfw=false
confusing_perspective,0.00017772126177191603,nsfw=false
2007scape,0.0001776009330249782,nsfw=false
EDM,0.00017708781686839333,nsfw=false
dogpictures,0.0001770319499501722,nsfw=false
WhatsWrongWithYourDog,0.00017686091123131058,nsfw=false
ArchitecturePorn,0.000176790432965247,nsfw=false
lotr,0.00017637873675250973,nsfw=false
starcraft,0.0001761303438391881,nsfw=false
cosplay,0.00017529234006587112,nsfw=false
battlefield_one,0.000174083036159146,nsfw=false
nflstreams,0.00017330433726824837,nsfw=false
fatlogic,0.00017320721477964856,nsfw=false
shortscarystories,0.0001729846065978136,nsfw=false
UnexpectedThugLife,0.00017278606416536619,nsfw=false
btc,0.00017271644539035215,nsfw=false
mashups,0.0001723554591495387,nsfw=false
AlienBlue,0.00017230732765076358,nsfw=false
delusionalartists,0.0001721371484229515,nsfw=false
ExposurePorn,0.00017161629684692064,nsfw=false
notinteresting,0.00017159051211543396,nsfw=false
sweden,0.00017124757518666118,nsfw=false
Piracy,0.00017123898027616562,nsfw=false
4PanelCringe,0.0001711160730560791,nsfw=false
tf2,0.00017108255290514644,nsfw=false
ArcherFX,0.00017088486996374858,nsfw=false
hitmanimals,0.0001707619627436621,nsfw=false
tightdresses,0.00017053505710657935,nsfw=true
litecoin,0.00017051958626768734,nsfw=false
TrumpCriticizesTrump,0.00016974862279623573,nsfw=false
wifesharing,0.00016944178449154428,nsfw=true
futbol,0.00016902235285936102,nsfw=false
rearpussy,0.0001689931301636761,nsfw=true
SketchDaily,0.0001685006417922806,nsfw=false
worldcup,0.0001682625627715536,nsfw=false
MachinePorn,0.00016797291428785328,nsfw=false
Coffee,0.0001678362552109739,nsfw=false
TheWayWeWere,0.00016767209242050872,nsfw=false
roosterteeth,0.00016750964861214269,nsfw=false
WatchandLearn,0.00016737728699051107,nsfw=false
gwcumsluts,0.00016736353513371817,nsfw=true
PrettyGirls,0.0001672715695914157,nsfw=false
anal,0.00016705669682902673,nsfw=true
unitedkingdom,0.0001669991109287065,nsfw=false
pussy,0.0001669793426345667,nsfw=true
heroesofthestorm,0.0001669286326626429,nsfw=false
LucidDreaming,0.0001668701872712731,nsfw=false
batman,0.0001668504189771333,nsfw=false
lesbians,0.00016652381237830207,nsfw=true
DecidingToBeBetter,0.00016646450749588273,nsfw=false
outrun,0.00016625221320664242,nsfw=false
grool,0.00016619720577947086,nsfw=true
LadyBoners,0.00016612328954920905,nsfw=false
patientgamers,0.00016585426885069805,nsfw=false
classicalmusic,0.00016569268453338156,nsfw=false
darksouls3,0.0001654503080574068,nsfw=false
Hotchickswithtattoos,0.00016471458371898696,nsfw=true
GrandTheftAutoV,0.00016457018922266158,nsfw=false
productivity,0.00016453495008962978,nsfw=false
Paranormal,0.00016383876233948952,nsfw=false
france,0.0001635430974184423,nsfw=false
ImaginaryLandscapes,0.0001630738153053848,nsfw=false
MuseumOfReddit,0.00016286409948929316,nsfw=false
vegan,0.00016269735822567932,nsfw=false
climbing,0.00016245927920495234,nsfw=false
quiver,0.00016127747901181302,nsfw=true
ethtrader,0.00016107377963306828,nsfw=false
woof_irl,0.00016077897420307063,nsfw=false
TopGear,0.00016061481141260543,nsfw=false
Ripple,0.0001606139519215559,nsfw=false
vandwellers,0.0001604154094891085,nsfw=false
dogswithjobs,0.00015963499161611176,nsfw=false
specializedtools,0.00015945793645990325,nsfw=false
ClashRoyale,0.000159108123602734,nsfw=false
3Dprinting,0.00015806813943277138,nsfw=false
facedownassup,0.00015792804239169378,nsfw=true
ShouldIbuythisgame,0.00015696283394304254,nsfw=false
MostBeautiful,0.00015661645905007152,nsfw=false
firstworldproblems,0.00015650472521362924,nsfw=false
Breath_of_the_Wild,0.000156454874732755,nsfw=false
bonehurtingjuice,0.000155831743721827,nsfw=false
StardewValley,0.00015537707295661194,nsfw=false
engineering,0.00015527393403066525,nsfw=false
gamernews,0.00015522150507664233,nsfw=false
porn_gifs,0.00015520517474670078,nsfw=true
WastedGifs,0.00015496193877967646,nsfw=false
SequelMemes,0.00015449179717556938,nsfw=false
adventuretime,0.00015393570646650675,nsfw=false
HumanPorn,0.00015390648377082184,nsfw=false
gonewildaudio,0.00015385233583469982,nsfw=true
randomsexiness,0.00015377756011338847,nsfw=true
ADHD,0.00015334953357070964,nsfw=false
ArtPorn,0.00015327905530464604,nsfw=false
DCcomics,0.00015262928007118181,nsfw=false
2healthbars,0.00015222789775103923,nsfw=false
MensRights,0.00015206545394267317,nsfw=false
snowboarding,0.00015170532719290924,nsfw=false
suicidegirls,0.00015094038015880452,nsfw=true
O_Faces,0.00015093350423040806,nsfw=true
fitmeals,0.00015074183772635711,nsfw=false
MyPeopleNeedMe,0.00015035936420930475,nsfw=false
ffxiv,0.00015010753333178487,nsfw=false
pussypassdenied,0.00015007659165400088,nsfw=false
MilitaryPorn,0.0001497095889758405,nsfw=false
IWantOut,0.00014851747489010652,nsfw=false
1200isplenty,0.00014833526278760066,nsfw=false
mealtimevideos,0.00014825361113789286,nsfw=false
gif,0.00014824845419159551,nsfw=false
Guildwars2,0.0001481710999971355,nsfw=false
breathinginformation,0.00014798287145728275,nsfw=false
burstingout,0.00014745256547970677,nsfw=true
community,0.00014739669856148564,nsfw=false
halo,0.00014737091382999897,nsfw=false
whowouldwin,0.00014713197531822242,nsfw=false
Unashamed,0.00014700563013393772,nsfw=true
medicine,0.000146248418519279,nsfw=false
blackmirror,0.00014613754417388628,nsfw=false
bodyperfection,0.0001460163559358989,nsfw=true
Warframe,0.0001456914683191668,nsfw=false
Anxiety,0.00014533220106045244,nsfw=false
jobs,0.00014528321007062776,nsfw=false
altgonewild,0.00014521445078666327,nsfw=true
Superbowl,0.00014504599054095032,nsfw=false
Diablo,0.00014467297142544308,nsfw=false
Stacked,0.00014460765010567683,nsfw=true
WeatherGifs,0.00014438332294174275,nsfw=false
porn,0.00014412633511792555,nsfw=true
PropagandaPosters,0.00014381433986693676,nsfw=false
HealthyFood,0.00014344475871562774,nsfw=false
NSFW_HTML5,0.00014341897398414106,nsfw=true
EDC,0.00014335537164647392,nsfw=false
ImaginaryMonsters,0.0001432212910427432,nsfw=false
rupaulsdragrace,0.00014291875019329953,nsfw=false
birdswitharms,0.00014259987901391432,nsfw=false
Fishing,0.00014201886306441453,nsfw=false
brasil,0.00014183493197980957,nsfw=false
FORTnITE,0.0001414060459460812,nsfw=false
photocritique,0.0001412676678871027,nsfw=false
Frisson,0.00014107428240095262,nsfw=false
Competitiveoverwatch,0.000140833624907077,nsfw=false
Autos,0.0001407923693366983,nsfw=false
datgap,0.00014043224258693439,nsfw=true
dbz,0.0001403643427940195,nsfw=false
AskOuija,0.00014018642814676141,nsfw=false
Baking,0.00014013142071958983,nsfw=false
Poetry,0.0001401202473359456,nsfw=false
Boxing,0.0001397308978904968,nsfw=false
forwardsfromgrandma,0.00013948594294137338,nsfw=false
raining,0.00013944382787994513,nsfw=false
homeautomation,0.00013921348427866416,nsfw=false
analog,0.0001391816831098306,nsfw=false
hardcoreaww,0.00013911206433481657,nsfw=false
Screenwriting,0.0001389539179816983,nsfw=false
ireland,0.00013879319315543133,nsfw=false
darksouls,0.00013869521117578198,nsfw=false
classic4chan,0.00013804715492441683,nsfw=false
headphones,0.00013766468140736447,nsfw=false
OnePiece,0.00013721688657054585,nsfw=false
tipofmypenis,0.00013703725294118867,nsfw=true
startrek,0.00013695216332728266,nsfw=false
Hotwife,0.0001367699512247768,nsfw=true
gettingherselfoff,0.00013636427144938644,nsfw=true
catpranks,0.00013623534779195305,nsfw=false
pathofexile,0.00013616486952588948,nsfw=false
nsfwoutfits,0.00013574801636685488,nsfw=true
digitalnomad,0.0001357334050190124,nsfw=false
summonerschool,0.0001355297056402677,nsfw=false
HighResNSFW,0.00013544117806216344,nsfw=true
NSFW411,0.00013495384663706524,nsfw=true
Badfaketexts,0.00013490829361143878,nsfw=false
cscareerquestions,0.00013426023736007366,nsfw=false
vexillology,0.00013408833915016247,nsfw=false
r4r,0.00013404364561558557,nsfw=false
quotes,0.0001338210374337506,nsfw=false
electronic_cigarette,0.00013356061164573516,nsfw=false
BeforeNAfterAdoption,0.00013344973730034247,nsfw=false
CombatFootage,0.00013299936399037519,nsfw=false
LSD,0.0001328859111718338,nsfw=false
yesyesyesno,0.0001328317632357118,nsfw=false
suggestmeabook,0.0001322086322247838,nsfw=false
skiing,0.00013184506751082165,nsfw=false
Psychonaut,0.00013163191373053178,nsfw=false
creepyasterisks,0.00013151244447464353,nsfw=false
finance,0.00013130358814960144,nsfw=false
ZenHabits,0.0001312872578196599,nsfw=false
yoga,0.00013110504571715403,nsfw=false
modnews,0.00013104488134368513,nsfw=false
gonewild30plus,0.00013067959764762388,nsfw=true
asmr,0.00013064435851459208,nsfw=false
masseffect,0.0001304801957241269,nsfw=false
AntiJokes,0.00013029196718427417,nsfw=false
FIFA,0.00013029110769322463,nsfw=false
hugeboobs,0.00012991808857771737,nsfw=true
creampies,0.00012991207214037049,nsfw=true
terriblefacebookmemes,0.0001298630811505458,nsfw=false
skateboarding,0.00012979346237553178,nsfw=false
CuteModeSlutMode,0.00012978830542923443,nsfw=true
gamegrumps,0.00012966281973599927,nsfw=false
arresteddevelopment,0.00012953131760541723,nsfw=false
Blep,0.0001295106898202279,nsfw=false
roadtrip,0.00012869675179629848,nsfw=false
BestOfStreamingVideo,0.00012855321679102263,nsfw=false
Shoestring,0.00012852743205953596,nsfw=false
beards,0.00012848273852495906,nsfw=false
wholesomebpt,0.00012842773109778748,nsfw=false
CitiesSkylines,0.00012838303756321058,nsfw=false
WtSSTaDaMiT,0.00012812261177519516,nsfw=true
GWNerdy,0.00012775474960598525,nsfw=true
BigBoobsGW,0.0001274711175596318,nsfw=true
Sneks,0.0001272588232703915,nsfw=false
fitgirls,0.00012711356928301655,nsfw=true
Christianity,0.00012663998971471126,nsfw=false
StarWarsBattlefront,0.0001264526206659081,nsfw=false
AdrenalinePorn,0.0001264191005149754,nsfw=false
trebuchetmemes,0.00012636237410570473,nsfw=false
whenitgoesin,0.0001263004907501367,nsfw=true
awwwtf,0.00012589223250159765,nsfw=false
holdmycatnip,0.0001258604313327641,nsfw=false
theratio,0.00012555703099227086,nsfw=true
Philippines,0.00012470957281740877,nsfw=false
gundeals,0.00012457721119577716,nsfw=false
lewronggeneration,0.00012444484957414557,nsfw=false
VaporwaveAesthetics,0.0001243468675944962,nsfw=false
boobbounce,0.00012415863905464346,nsfw=true
jilling,0.00012415692007254435,nsfw=true
instantkarma,0.00012402713692406141,nsfw=false
PUBG,0.00012346502977765187,nsfw=false
Naruto,0.0001228367418204265,nsfw=false
answers,0.00012281611403523718,nsfw=false
TrueFilm,0.000122321047190693,nsfw=false
AskCulinary,0.00012226518027247187,nsfw=false
nyc,0.00012216805778387206,nsfw=false
webcomics,0.00012213969457923671,nsfw=false
NSFW_Japan,0.00012198842415451487,nsfw=true
dailyprogrammer,0.00012185090558658594,nsfw=false
simps,0.00012167728839457564,nsfw=true
RandomActsOfBlowJob,0.0001215182825504078,nsfw=true
nsfw2,0.00012132231859110908,nsfw=true
Outdoors,0.00012128793894912683,nsfw=false
BoJackHorseman,0.00012116245325589167,nsfw=false
Upskirt,0.0001209613323502956,nsfw=true
CryptoMarkets,0.00012078341770303754,nsfw=false
hardbodies,0.0001207137989280235,nsfw=true
gonewildcolor,0.00012062956880516703,nsfw=true
youtube,0.00012058229679744146,nsfw=false
newzealand,0.00012053588428076544,nsfw=false
casualiama,0.00012050236412983276,nsfw=false
GoneMild,0.00012049462871038676,nsfw=true
elderscrollsonline,0.00012039922520388605,nsfw=false
beetlejuicing,0.00012038891131129139,nsfw=false
ihavesex,0.0001197477309883227,nsfw=false
gainit,0.00011937986881911279,nsfw=false
apolloapp,0.00011933947273978367,nsfw=false
Kanye,0.00011919249977030962,nsfw=false
toosoon,0.0001191091291385027,nsfw=false
Idubbbz,0.00011894754482118618,nsfw=false
JapanTravel,0.00011870001139891409,nsfw=false
funhaus,0.00011858913705352139,nsfw=false
HadToHurt,0.00011835449599699264,nsfw=false
SheLikesItRough,0.00011835277701489352,nsfw=true
Buddhism,0.00011834418210439796,nsfw=false
thebutton,0.00011805109565649942,nsfw=false
BonerMaterial,0.00011798233637253494,nsfw=true
wowthissubexists,0.00011795827062314737,nsfw=false
Moviesinthemaking,0.00011794537825740403,nsfw=false
destiny2,0.00011756462372245079,nsfw=false
wtfstockphotos,0.00011748726952799076,nsfw=false
thedivision,0.0001171864476606462,nsfw=false
TalesFromYourServer,0.00011695438507726611,nsfw=false
bertstrips,0.00011681686650933717,nsfw=false
socialism,0.00011662262153213755,nsfw=false
darkjokes,0.00011653151548088462,nsfw=false
Nootropics,0.00011646447517901926,nsfw=false
popping,0.00011635703879782479,nsfw=false
Aquariums,0.0001161327116338907,nsfw=false
restofthefuckingowl,0.00011593330971039374,nsfw=false
Military,0.00011574078371529322,nsfw=false
SexInFrontOfOthers,0.00011514429692690144,nsfw=true
badtattoos,0.00011497153922594071,nsfw=false
antiMLM,0.00011488301164783645,nsfw=false
HailCorporate,0.00011450741405918054,nsfw=false
NoMansSkyTheGame,0.00011447647238139652,nsfw=false
knitting,0.00011447389390824787,nsfw=false
Conservative,0.00011437677141964804,nsfw=false
wholesomegifs,0.00011426245911005711,nsfw=false
OverwatchUniversity,0.00011402609907142925,nsfw=false
MrRobot,0.00011383271358527918,nsfw=false
CatTaps,0.00011368917858000334,nsfw=false
succulents,0.00011352157782533994,nsfw=false
SnapLenses,0.00011334624165123056,nsfw=false
ukpolitics,0.00011324568119843252,nsfw=false
puns,0.00011320614461015294,nsfw=false
CasualUK,0.0001128485963335377,nsfw=false
amateurcumsluts,0.00011276522570173078,nsfw=true
TrueAskReddit,0.00011259848443811694,nsfw=false
golf,0.00011235696745319174,nsfw=false
mallninjashit,0.00011233719915905195,nsfw=false
CollegeAmateurs,0.00011220741601056902,nsfw=true
fashion,0.00011217905280593367,nsfw=false
architecture,0.00011207591387998697,nsfw=false
copypasta,0.00011184299180555732,nsfw=false
tech,0.00011167625054194348,nsfw=false
funsized,0.00011147856760054563,nsfw=true
TooMeIrlForMeIrl,0.00011127916567704868,nsfw=false
Bondage,0.00011120868741098509,nsfw=true
Monero,0.00011119063809894442,nsfw=false
TooAfraidToAsk,0.00011118548115264708,nsfw=false
mildlypenis,0.00011116829133165596,nsfw=false
absolutelynotme_irl,0.00011080128865349561,nsfw=false
MEOW_IRL,0.00011048327696515993,nsfw=false
bestoflegaladvice,0.00011030020537160453,nsfw=false
Terraria,0.00011024261947128429,nsfw=false
radiohead,0.00011016096782157648,nsfw=false
GoneWildPlus,0.00010990827745300705,nsfw=true
garlicoin,0.00010988335221256993,nsfw=false
Bad_Cop_No_Donut,0.00010970371858321275,nsfw=false
AmateurRoomPorn,0.00010962464540665361,nsfw=false
fakealbumcovers,0.00010915966074884388,nsfw=false
JoeRogan,0.00010897572966423892,nsfw=false
EliteDangerous,0.00010892072223706735,nsfw=false
cumfetish,0.00010878664163333663,nsfw=true
YouSeeComrade,0.00010871100642097571,nsfw=false
JiggleFuck,0.00010862849528021836,nsfw=true
lastimages,0.0001085030095869832,nsfw=false
weightroom,0.00010839729218788783,nsfw=false
starcitizen,0.00010835775559960825,nsfw=false
InteriorDesign,0.00010809904879369193,nsfw=false
Exxxtras,0.00010777416117695981,nsfw=true
Nicegirls,0.0001074647443991197,nsfw=false
AccidentalComedy,0.00010743122424818702,nsfw=false
Animemes,0.00010738653071361012,nsfw=false
thegrandtour,0.00010735301056267744,nsfw=false
androidapps,0.00010730917651915008,nsfw=false
montageparodies,0.00010728339178766341,nsfw=false
india,0.00010724041723518562,nsfw=false
Gonewild18,0.00010678402748787145,nsfw=true
SexyFrex,0.00010651414729831091,nsfw=true
creepypasta,0.00010615144207539832,nsfw=false
coloringcorruptions,0.00010614026869175409,nsfw=false
churning,0.00010611362446921786,nsfw=false
forbiddensnacks,0.00010607064991674007,nsfw=false
SWARJE,0.00010582569496761664,nsfw=false
findareddit,0.00010565723472190369,nsfw=false
SpecArt,0.00010565379675770547,nsfw=false
betterCallSaul,0.00010564434235616036,nsfw=false
realasians,0.00010559621085738523,nsfw=false
selfimprovement,0.00010522662970607621,nsfw=false
HugeDickTinyChick,0.00010515701093106218,nsfw=true
StonerEngineering,0.00010510630095913838,nsfw=false
marijuanaenthusiasts,0.00010508997062919682,nsfw=false
girlskissing,0.00010476766148561336,nsfw=true
budgetfood,0.0001047203894778878,nsfw=false
cableporn,0.00010458716836520663,nsfw=false
NHLStreams,0.00010458630887415708,nsfw=false
homegrowntits,0.00010454849126797662,nsfw=true
boltedontits,0.0001044358979404848,nsfw=true
gifsgonewild,0.00010427689209631696,nsfw=true
knives,0.00010419438095555959,nsfw=false
FashionReps,0.0001041806290987667,nsfw=false
WouldYouFuckMyWife,0.00010416773673302336,nsfw=true
HistoryMemes,0.00010408436610121644,nsfw=false
singapore,0.00010392278178389994,nsfw=false
AndroidGaming,0.00010381104794745768,nsfw=false
smallbusiness,0.00010359961314926694,nsfw=false
AnimalCrossing,0.00010358242332827581,nsfw=false
techsupportmacgyver,0.00010341052511836463,nsfw=false
fatpeoplestories,0.00010336497209273818,nsfw=false
Punny,0.0001033314519418055,nsfw=false
Pizza,0.00010330394822821971,nsfw=false
svenskpolitik,0.00010307274513588918,nsfw=false
confessions,0.00010307188564483963,nsfw=false
learnpython,0.00010304352244020428,nsfw=false
Innie,0.00010293780504110891,nsfw=true
gonewildcouples,0.0001029145987827709,nsfw=true
bdsm,0.00010288021914078866,nsfw=true
ClashOfClans,0.00010287592168554088,nsfw=false
diablo3,0.00010278137767008973,nsfw=false
runescape,0.00010273840311761194,nsfw=false
languagelearning,0.0001025424391583132,nsfw=false
Amd,0.0001024762583474974,nsfw=false
deepthroat,0.00010239202822464093,nsfw=true
AnalGW,0.00010231725250332957,nsfw=true
vagabond,0.00010231553352123045,nsfw=false
Smite,0.00010229662471814023,nsfw=false
musictheory,0.0001020301824927779,nsfw=false
swedishproblems,0.00010184367293502428,nsfw=false
simpleliving,0.00010182820209613227,nsfw=false
dirtyr4r,0.00010182046667668627,nsfw=true
TinyHouses,0.00010180069838254649,nsfw=false
BitcoinMarkets,0.00010180069838254649,nsfw=false
japan,0.00010175256688377135,nsfw=false
Catloaf,0.00010159184205750441,nsfw=false
Windows10,0.00010153081819298594,nsfw=false
goddesses,0.00010145776145377369,nsfw=false
EngineeringStudents,0.00010144057163278258,nsfw=false
18_19,0.00010131680492164652,nsfw=true
Nsfw_Amateurs,0.00010120163312100604,nsfw=true
StockMarket,0.00010104864371418509,nsfw=false
unexpectedjihad,0.0001010039501796082,nsfw=false
tennis,0.00010096785155552684,nsfw=false
dirtypenpals,0.00010094980224348617,nsfw=true
dogecoin,0.00010085869619223325,nsfw=false
stevenuniverse,0.00010047794165727999,nsfw=false
linguistics,0.0001003103409026166,nsfw=false
GoneWildSmiles,0.0001002811182069317,nsfw=true
Seattle,0.00010025017652914769,nsfw=false
Advice,0.00010010664152387186,nsfw=false
college,9.992872687661379e-05,nsfw=false
networking,9.959094689413833e-05,nsfw=false
GlobalOffensiveTrade,9.952992302961986e-05,nsfw=false
WWII,9.951531168177742e-05,nsfw=false
ghostnipples,9.950327880708363e-05,nsfw=true
Thisismylifemeow,9.924886945641509e-05,nsfw=false
asianpeoplegifs,9.917753169930195e-05,nsfw=false
badhistory,9.896523741006165e-05,nsfw=false
noisygifs,9.884490866312383e-05,nsfw=false
cumcoveredfucking,9.872801788038423e-05,nsfw=true
mexico,9.836359367537254e-05,nsfw=false
toronto,9.826561169572318e-05,nsfw=false
facebookwins,9.818224106391625e-05,nsfw=false
tea,9.812207669044733e-05,nsfw=false
Demotivational,9.805933384382976e-05,nsfw=false
oculus,9.796393033732906e-05,nsfw=false
thingsforants,9.769662862091718e-05,nsfw=false
homelab,9.76631084699845e-05,nsfw=false
bigasses,9.761927442645716e-05,nsfw=true
voluptuous,9.754965565144313e-05,nsfw=true
chicago,9.745769010914065e-05,nsfw=false
bloodborne,9.74078396282664e-05,nsfw=false
EverythingScience,9.734079932640105e-05,nsfw=false
FlashTV,9.727547800663481e-05,nsfw=false
SlyGifs,9.724453632885079e-05,nsfw=false
coaxedintoasnafu,9.716632264334121e-05,nsfw=false
DnDGreentext,9.711991012666518e-05,nsfw=false
distension,9.662226480897234e-05,nsfw=true
Paleo,9.65156879188274e-05,nsfw=false
suctiondildos,9.651224995462919e-05,nsfw=true
intresseklubben,9.647099438425051e-05,nsfw=false
marketing,9.646411845585406e-05,nsfw=false
stopdrinking,9.628878228174466e-05,nsfw=false
badwomensanatomy,9.594584535297186e-05,nsfw=false
skeptic,9.591060621994007e-05,nsfw=false
disney,9.582981406128182e-05,nsfw=false
LosAngeles,9.58186406776376e-05,nsfw=false
passionx,9.579801289244825e-05,nsfw=true
eagles,9.569917142174933e-05,nsfw=false
sportsarefun,9.559517300475307e-05,nsfw=false
ChangingRooms,9.54524974905268e-05,nsfw=true
HeavySeas,9.544476207108079e-05,nsfw=false
brushybrushy,9.52634094596245e-05,nsfw=false
lingerie,9.519636915775915e-05,nsfw=true
DnDBehindTheScreen,9.517746035466891e-05,nsfw=false
Battlefield,9.511299852595222e-05,nsfw=false
TwinGirls,9.507002397347443e-05,nsfw=true
GirlswithNeonHair,9.491703456665348e-05,nsfw=true
CircleofTrust,9.487148154102702e-05,nsfw=false
snapleaks,9.479154887341832e-05,nsfw=true
gaybros,9.469356689376896e-05,nsfw=false
Iota,9.455089137954268e-05,nsfw=false
italy,9.442540568630752e-05,nsfw=false
PixelArt,9.433086167085637e-05,nsfw=false
incest,9.393979324330845e-05,nsfw=true
Rainmeter,9.382805940686618e-05,nsfw=false
Cuckold,9.381430755007329e-05,nsfw=true
gifsthatendtoosoon,9.380485314852818e-05,nsfw=false
megalinks,9.356763361885075e-05,nsfw=false
AskScienceFiction,9.35650551457021e-05,nsfw=false
rule34_comics,9.348941993334118e-05,nsfw=true
SCP,9.340433031943514e-05,nsfw=false
HENTAI_GIF,9.332955459812379e-05,nsfw=true
dayz,9.324790294841597e-05,nsfw=false
boobs,9.321953974378062e-05,nsfw=true
engrish,9.31946145033435e-05,nsfw=false
LearnJapanese,9.317226773605506e-05,nsfw=false
latinas,9.303560865917568e-05,nsfw=true
Seaofthieves,9.292817227798119e-05,nsfw=false
glitch_art,9.282417386098493e-05,nsfw=false
bidenbro,9.274939813967356e-05,nsfw=false
Dogberg,9.272791086343467e-05,nsfw=false
friendsafari,9.264024277637997e-05,nsfw=false
bimbofetish,9.239786630040521e-05,nsfw=true
SocialEngineering,9.233082599853985e-05,nsfw=false
spop,9.226894264297184e-05,nsfw=false
de,9.215119236918268e-05,nsfw=false
OkCupid,9.206954071947487e-05,nsfw=false
forhonor,9.200335990865906e-05,nsfw=false
futureporn,9.192170825895126e-05,nsfw=false
pokies,9.191998927685215e-05,nsfw=true
michaelbaygifs,9.159424216907047e-05,nsfw=false
PS4Deals,9.155642456289001e-05,nsfw=false
IsItBullshit,9.150055764466889e-05,nsfw=false
Marijuana,9.148766527892554e-05,nsfw=false
UrbanHell,9.121606610726589e-05,nsfw=false
KidsAreFuckingStupid,9.104674637050337e-05,nsfw=false
TheGirlSurvivalGuide,9.09994743627778e-05,nsfw=false
ar15,9.095993777449824e-05,nsfw=false
nsfw_videos,9.09470454087549e-05,nsfw=true
esist,9.076741177939772e-05,nsfw=false
supremeclothing,9.068919809388813e-05,nsfw=false
itsaunixsystem,9.055167952595919e-05,nsfw=false
FinalFantasy,9.051300242872918e-05,nsfw=false
amiugly,9.037548386080024e-05,nsfw=false
Breadit,9.036774844135423e-05,nsfw=false
arduino,9.035399658456134e-05,nsfw=false
happycrowds,9.027320442590309e-05,nsfw=false
xsmallgirls,9.024999816756508e-05,nsfw=true
wicked_edge,9.024741969441642e-05,nsfw=false
ShitRedditSays,9.024656020336685e-05,nsfw=false
keming,9.000934067368944e-05,nsfw=false
bindingofisaac,9.000762169159033e-05,nsfw=false
ladybonersgw,8.999301034374788e-05,nsfw=true
pelfie,8.996894459436031e-05,nsfw=true
BestOfReports,8.995519273756742e-05,nsfw=false
KeanuBeingAwesome,8.989244989094984e-05,nsfw=false
FlashingGirls,8.986666515946316e-05,nsfw=true
coding,8.979704638444913e-05,nsfw=false
trashpandas,8.965523036127241e-05,nsfw=false
dndnext,8.961569377299285e-05,nsfw=false
StruggleFucking,8.954435601587971e-05,nsfw=true
gtaonline,8.952802568593815e-05,nsfw=false
FireEmblemHeroes,8.946700182141969e-05,nsfw=false
london,8.942402726894188e-05,nsfw=false
squirting,8.93887881359101e-05,nsfw=true
FancyFollicles,8.914641165993534e-05,nsfw=false
GTAV,8.90518676444842e-05,nsfw=false
SuddenlyGay,8.898654632471795e-05,nsfw=false
ProductPorn,8.891091111235703e-05,nsfw=false
TalesFromTheFrontDesk,8.849749591752065e-05,nsfw=false
traps,8.833333312705548e-05,nsfw=true
AsianNSFW,8.816229440819386e-05,nsfw=true
shockwaveporn,8.813479069460808e-05,nsfw=false
DirtySnapchat,8.804368464335515e-05,nsfw=true
blackchickswhitedicks,8.801446194767025e-05,nsfw=true
familyguy,8.800071009087736e-05,nsfw=false
discordapp,8.791819895011999e-05,nsfw=false
redditsync,8.777724241799283e-05,nsfw=false
BobsBurgers,8.77660690343486e-05,nsfw=false
thecatdimension,8.774973870440704e-05,nsfw=false
millionairemakers,8.774716023125837e-05,nsfw=false
IndianBabes,8.770848313402836e-05,nsfw=true
babybigcatgifs,8.767754145624435e-05,nsfw=false
onetruegod,8.763972385006389e-05,nsfw=false
totalwar,8.760964166332944e-05,nsfw=false
CrackWatch,8.759417082443743e-05,nsfw=false
KarmaCourt,8.750220528213495e-05,nsfw=false
assinthong,8.74953293537385e-05,nsfw=true
RedditLaqueristas,8.729592743024154e-05,nsfw=false
metalgearsolid,8.727959710029998e-05,nsfw=false
xkcd,8.721943272683107e-05,nsfw=false
unixporn,8.719450748639395e-05,nsfw=false
ketogains,8.702260927648278e-05,nsfw=false
warriors,8.701143589283855e-05,nsfw=false
gorillaz,8.693666017152718e-05,nsfw=false
AssholeBehindThong,8.692118933263519e-05,nsfw=true
electronics,8.685328953972026e-05,nsfw=false
HIMYM,8.669772165975065e-05,nsfw=false
actuallesbians,8.667881285666043e-05,nsfw=false
assassinscreed,8.642612248809099e-05,nsfw=false
WikiLeaks,8.630837221430183e-05,nsfw=false
snapchat_sluts,8.626195969762582e-05,nsfw=true
Memes_Of_The_Dank,8.621210921675158e-05,nsfw=false
barkour,8.612358163864732e-05,nsfw=false
grilledcheese,8.609092097876421e-05,nsfw=false
secretsanta,8.60092693290564e-05,nsfw=false
DungeonsAndDragons,8.59955174722635e-05,nsfw=false
treesgonewild,8.593363411669548e-05,nsfw=true
audioengineering,8.592417971515037e-05,nsfw=false
sex_comics,8.587346974322657e-05,nsfw=true
Heavymind,8.575915743363563e-05,nsfw=false
Vive,8.575056252314007e-05,nsfw=false
IndieGaming,8.574282710369408e-05,nsfw=false
asshole,8.572305880955429e-05,nsfw=true
microgrowery,8.57015715333154e-05,nsfw=false
AskRedditAfterDark,8.569211713177027e-05,nsfw=true
vegetarian,8.558725922372446e-05,nsfw=false
GirlsHumpingThings,8.554686314439534e-05,nsfw=true
Ohlympics,8.54832608067282e-05,nsfw=true
ImaginaryTechnology,8.544458370949818e-05,nsfw=false
RepressedGoneWild,8.5272685499587e-05,nsfw=true
MasterReturns,8.524604127705078e-05,nsfw=false
DarkAngels,8.522283501871278e-05,nsfw=true
chelseafc,8.510594423597318e-05,nsfw=false
CuteLittleButts,8.507844052238738e-05,nsfw=true
FreeGamesOnSteam,8.497616108749024e-05,nsfw=false
GirlsMirin,8.497014465014334e-05,nsfw=false
explainlikeIAmA,8.494865737390444e-05,nsfw=false
ChristianGirls,8.49125587498231e-05,nsfw=true
subaru,8.475956934300215e-05,nsfw=false
malefashion,8.474581748620926e-05,nsfw=false
lolcats,8.464697601551033e-05,nsfw=false
dirtykikpals,8.464697601551033e-05,nsfw=true
beholdthemasterrace,8.460400146303254e-05,nsfw=false
tldr,8.456446487475298e-05,nsfw=false
KitchenConfidential,8.42971631583411e-05,nsfw=false
CorporateFacepalm,8.42249659101784e-05,nsfw=false
paag,8.411237258268658e-05,nsfw=true
HowToHack,8.403501838822655e-05,nsfw=false
buttplug,8.402556398668144e-05,nsfw=true
curlyhair,8.400837416569032e-05,nsfw=false
StandUpComedy,8.393789589962674e-05,nsfw=false
flexibility,8.385882272306759e-05,nsfw=false
sewing,8.379865834959869e-05,nsfw=false
awesome,8.37866254749049e-05,nsfw=false
tiltshift,8.376599768971556e-05,nsfw=false
excel,8.372216364618822e-05,nsfw=false
outercourse,8.363707403228218e-05,nsfw=true
The_Dennis,8.354338950788059e-05,nsfw=false
MonsterHunterWorld,8.353995154368236e-05,nsfw=false
Allsvenskan,8.34789276791639e-05,nsfw=false
AutoDetailing,8.328983964826161e-05,nsfw=false
malehairadvice,8.328640168406339e-05,nsfw=false
UFOs,8.323483222109004e-05,nsfw=false
3amjokes,8.318154377601757e-05,nsfw=false
downblouse,8.308957823371509e-05,nsfw=true
MoviePosterPorn,8.272773250185207e-05,nsfw=false
trailerparkboys,8.257818105922934e-05,nsfw=false
CumHaters,8.254637989039577e-05,nsfw=true
BollywoodRealism,8.253778497990021e-05,nsfw=false
Feminism,8.24991078826702e-05,nsfw=false
unstirredpaint,8.24097208135164e-05,nsfw=false
Trumpgret,8.24097208135164e-05,nsfw=false
skyrimmods,8.229712748602457e-05,nsfw=false
DarkSouls2,8.2249855478299e-05,nsfw=false
WebGames,8.219914550637521e-05,nsfw=false
ufc,8.216992281069031e-05,nsfw=false
battlefield_4,8.210116352672583e-05,nsfw=false
CatSlaps,8.204271813535603e-05,nsfw=false
speedrun,8.201435493072068e-05,nsfw=false
cursedimages,8.18192504624715e-05,nsfw=false
pronebone,8.179346573098483e-05,nsfw=true
SexyTummies,8.156999805810031e-05,nsfw=true
Eve,8.14883464083925e-05,nsfw=false
NBA2k,8.14685781142527e-05,nsfw=false
StreetFights,8.138950493769356e-05,nsfw=false
BokuNoHeroAcademia,8.112564118547992e-05,nsfw=false
titanfall,8.105688190151544e-05,nsfw=false
OnePunchMan,8.093139620828028e-05,nsfw=false
Overwatch_Memes,8.077410934621157e-05,nsfw=false
absolutelynotmeirl,8.059877317210216e-05,nsfw=false
Stellaris,8.055751760172348e-05,nsfw=false
IncestPorn,8.05300138881377e-05,nsfw=true
GooglePixel,8.05239974507908e-05,nsfw=false
Tgirls,8.046813053256967e-05,nsfw=true
steamdeals,8.036499160662296e-05,nsfw=false
Portland,8.031686010784784e-05,nsfw=false
socialanxiety,8.026013369857715e-05,nsfw=false
PublicFlashing,8.021458067295068e-05,nsfw=true
KotakuInAction,8.015957324577911e-05,nsfw=false
torrents,8.013464800534199e-05,nsfw=false
LiverpoolFC,7.989656898461502e-05,nsfw=false
ramen,7.976076939878518e-05,nsfw=false
nvidia,7.97410011046454e-05,nsfw=false
instantbarbarians,7.969544807901895e-05,nsfw=false
eu4,7.96670848743836e-05,nsfw=false
reddevils,7.945135262094507e-05,nsfw=false
Anarchism,7.944963363884596e-05,nsfw=false
chubby,7.942814636260706e-05,nsfw=true
GoneWildScrubs,7.941783247001239e-05,nsfw=true
Stoicism,7.917287752088897e-05,nsfw=false
KarmaConspiracy,7.914021686100584e-05,nsfw=false
BreastEnvy,7.90104337125229e-05,nsfw=true
CODZombies,7.895972374059911e-05,nsfw=false
CGPGrey,7.89442529017071e-05,nsfw=false
Denmark,7.887463412669308e-05,nsfw=false
veganrecipes,7.874914843345792e-05,nsfw=false
Sherlock,7.873969403191281e-05,nsfw=false
AteTheOnion,7.872680166616947e-05,nsfw=false
BorednIgnored,7.872078522882258e-05,nsfw=true
NEO,7.86872650778899e-05,nsfw=false
ilikthebred,7.868296762264212e-05,nsfw=false
RealEstate,7.866663729270055e-05,nsfw=false
eatsandwiches,7.859272106243876e-05,nsfw=false
trackers,7.838988117474356e-05,nsfw=false
Bottomless_Vixens,7.837526982690112e-05,nsfw=true
chess,7.830565105188709e-05,nsfw=false
SiliconValleyHBO,7.81827438318006e-05,nsfw=false
WhatsInThisThing,7.8073588468507e-05,nsfw=false
intermittentfasting,7.806155559381322e-05,nsfw=false
Jazz,7.799365580089831e-05,nsfw=false
economy,7.798420139935319e-05,nsfw=false
MacroPorn,7.792059906168605e-05,nsfw=false
submechanophobia,7.78982522943976e-05,nsfw=false
nhl,7.785785621506847e-05,nsfw=false
Flipping,7.784496384932514e-05,nsfw=false
ifyoulikeblank,7.783293097463135e-05,nsfw=false
bigboye,7.776760965486511e-05,nsfw=false
cleavage,7.767134665731486e-05,nsfw=true
Rateme,7.75982899181026e-05,nsfw=false
Gunners,7.758110009711148e-05,nsfw=false
CrewsCrew,7.756219129402126e-05,nsfw=false
CatsISUOTTATFO,7.752523317889035e-05,nsfw=false
MassiveCock,7.737482224521807e-05,nsfw=true
Vaporwave,7.736364886157386e-05,nsfw=false
playstation,7.73215338001456e-05,nsfw=false
WouldYouRather,7.730176550600583e-05,nsfw=false
ImaginaryLeviathans,7.7173701339622e-05,nsfw=false
BDSMcommunity,7.709290918096375e-05,nsfw=true
thighhighs,7.704305870008951e-05,nsfw=true
firefly,7.694937417568792e-05,nsfw=false
FunWithFriends,7.691757300685435e-05,nsfw=true
GroupOfNudeGirls,7.686428456178188e-05,nsfw=true
CompetitiveHS,7.667347754878048e-05,nsfw=false
Thetruthishere,7.65797930243789e-05,nsfw=false
Borderlands,7.654971083764443e-05,nsfw=false
woooosh,7.63692177172377e-05,nsfw=false
java,7.632194570951213e-05,nsfw=false
CrusaderKings,7.631506978111568e-05,nsfw=false
HitBoxPorn,7.626178133604322e-05,nsfw=false
AppleWatch,7.620677390887165e-05,nsfw=false
typography,7.617325375793897e-05,nsfw=false
Austin,7.602112384216757e-05,nsfw=false
EmmaWatson,7.596009997764911e-05,nsfw=false
forhire,7.591110898782442e-05,nsfw=false
iWantToFuckHer,7.582859784706705e-05,nsfw=true
boston,7.581140802607594e-05,nsfw=false
WeddingsGoneWild,7.580882955292728e-05,nsfw=true
awfuleyebrows,7.57985156603326e-05,nsfw=false
evenwithcontext,7.574436772421058e-05,nsfw=false
fifthworldproblems,7.570655011803012e-05,nsfw=false
geopolitics,7.568592233284078e-05,nsfw=false
ObscureMedia,7.564552625351166e-05,nsfw=false
DDLC,7.561630355782676e-05,nsfw=false
PartyParrot,7.560856813838075e-05,nsfw=false
IndiansGoneWild,7.558450238899319e-05,nsfw=true
SuicideWatch,7.55724695142994e-05,nsfw=false
Anticonsumption,7.551746208712783e-05,nsfw=false
ForeverAlone,7.542893450902357e-05,nsfw=false
DesirePath,7.522093767503106e-05,nsfw=false
ShingekiNoKyojin,7.519773141669305e-05,nsfw=false
norge,7.508599758025078e-05,nsfw=false
forcedorgasms,7.505161793826854e-05,nsfw=true
TrueOffMyChest,7.504646099197121e-05,nsfw=false
UnsolvedMysteries,7.497684221695718e-05,nsfw=false
Ubuntu,7.492871071818206e-05,nsfw=false
VolleyballGirls,7.487284379996093e-05,nsfw=true
ConfusedBoners,7.484705906847424e-05,nsfw=true
splatoon,7.4781737748708e-05,nsfw=false
dubstep,7.472415184838776e-05,nsfw=false
The_Mueller,7.465883052862152e-05,nsfw=false
TheoryOfReddit,7.461241801194549e-05,nsfw=false
serialkillers,7.45771788789137e-05,nsfw=false
doujinshi,7.450584112180057e-05,nsfw=true
LabiaGW,7.449810570235456e-05,nsfw=true
RealPublicNudity,7.447919689926434e-05,nsfw=true
throatpies,7.447318046191744e-05,nsfw=true
EnoughTrumpSpam,7.441215659739898e-05,nsfw=false
OnStageGW,7.44018427048043e-05,nsfw=true
MTB,7.432706698349294e-05,nsfw=false
trap,7.43219100371956e-05,nsfw=false
DC_Cinematic,7.426260515477625e-05,nsfw=false
vaporents,7.413110302419421e-05,nsfw=false
booksuggestions,7.411219422110397e-05,nsfw=false
ecchi,7.411133473005442e-05,nsfw=true
Repsneakers,7.410273981955886e-05,nsfw=false
malelifestyle,7.400905529515728e-05,nsfw=false
assholegonewild,7.400303885781038e-05,nsfw=true
shorthairchicks,7.392224669915213e-05,nsfw=true
MarchAgainstTrump,7.387583418247611e-05,nsfw=false
tanlines,7.38526279241381e-05,nsfw=true
sanfrancisco,7.382254573740364e-05,nsfw=false
RelayForReddit,7.375464594448873e-05,nsfw=false
femalepov,7.37280017219525e-05,nsfw=true
omgbeckylookathiscock,7.371339037411005e-05,nsfw=true
hardwareswap,7.362142483180757e-05,nsfw=false
futanari,7.35079720132662e-05,nsfw=true
Dogtraining,7.347015440708574e-05,nsfw=false
OnHerKnees,7.333607380335502e-05,nsfw=true
MandelaEffect,7.30928378363307e-05,nsfw=false
DataHoarder,7.30404088823078e-05,nsfw=false
androiddev,7.294586486685665e-05,nsfw=false
AnimalPorn,7.292953453691509e-05,nsfw=false
onions,7.277826411219326e-05,nsfw=false
factorio,7.260722539333163e-05,nsfw=false
CallOfDuty,7.244392209391602e-05,nsfw=false
TalesFromThePizzaGuy,7.241383990718156e-05,nsfw=false
MechanicAdvice,7.236484891735689e-05,nsfw=false
100yearsago,7.227718083030219e-05,nsfw=false
povertyfinance,7.212848887872901e-05,nsfw=false
BlancNoir,7.209410923674678e-05,nsfw=true
AskEngineers,7.209153076359811e-05,nsfw=false
TalesFromTheCustomer,7.198753234660186e-05,nsfw=false
thesims,7.192822746418249e-05,nsfw=false
leangains,7.189212884010115e-05,nsfw=false
zombies,7.188095545645692e-05,nsfw=false
cogsci,7.187150105491181e-05,nsfw=false
seinfeld,7.181563413669068e-05,nsfw=false
OldSchoolCoolNSFW,7.177523805736155e-05,nsfw=true
lockpicking,7.17374204511811e-05,nsfw=false
camwhores,7.173656096013154e-05,nsfw=true
kpopfap,7.172194961228908e-05,nsfw=true
WomenOfColor,7.165061185517595e-05,nsfw=true
gwpublic,7.158443104436014e-05,nsfw=true
JapaneseGameShows,7.158099308016193e-05,nsfw=false
BDSMGW,7.15328615813868e-05,nsfw=true
AccidentalRacism,7.148730855576033e-05,nsfw=false
tattoo,7.13205672921465e-05,nsfw=false
Polska,7.122774225879445e-05,nsfw=false
MLBStreams,7.119250312576267e-05,nsfw=false
DrunkOrAKid,7.119078414366356e-05,nsfw=false
amibeingdetained,7.11237438417982e-05,nsfw=false
Patriots,7.109280216401418e-05,nsfw=false
fountainpens,7.105584404888328e-05,nsfw=false
catpictures,7.090973057045879e-05,nsfw=false
sexygirls,7.08237814655032e-05,nsfw=false
tuckedinkitties,7.074127032474583e-05,nsfw=false
GarlicBreadMemes,7.073525388739894e-05,nsfw=false
Frugal_Jerk,7.065274274664158e-05,nsfw=false
Fuckthealtright,7.065016427349292e-05,nsfw=false
WordAvalanches,7.056249618643822e-05,nsfw=false
stupidslutsclub,7.048170402777997e-05,nsfw=true
bestofnetflix,7.04593572604915e-05,nsfw=false
MLS,7.040950677961726e-05,nsfw=false
NotTimAndEric,7.038887899442792e-05,nsfw=false
Enhancement,7.036739171818903e-05,nsfw=false
TopMindsOfReddit,7.029433497897678e-05,nsfw=false
meme,7.023674907865654e-05,nsfw=false
AdPorn,7.012673422431339e-05,nsfw=false
normalnudes,7.002961173571357e-05,nsfw=true
SexyButNotPorn,7.001156242367289e-05,nsfw=true
PornhubComments,6.992217535451909e-05,nsfw=false
YogaPants,6.979497067918482e-05,nsfw=true
torpedotits,6.976059103720259e-05,nsfw=true
swoleacceptance,6.973824426991413e-05,nsfw=false
oneplus,6.968925328008945e-05,nsfw=false
GunPorn,6.966690651280099e-05,nsfw=false
AmateurPorn,6.96548736381072e-05,nsfw=true
ShitAmericansSay,6.964112178131431e-05,nsfw=false
FitAndNatural,6.959041180939052e-05,nsfw=false
RimWorld,6.945547171461025e-05,nsfw=false
arrow,6.931967212878041e-05,nsfw=false
vancouver,6.907901463490477e-05,nsfw=false
gangbang,6.906956023335966e-05,nsfw=true
daddit,6.903689957347654e-05,nsfw=false
Ultralight,6.90240072077332e-05,nsfw=false
titlegore,6.901885026143587e-05,nsfw=false
Ice_Poseidon,6.892258726388561e-05,nsfw=false
nsfwCelebArchive,6.888906711295293e-05,nsfw=true
facesitting,6.888734813085381e-05,nsfw=true
Pyongyang,6.881257240954246e-05,nsfw=false
RobinHood,6.878249022280799e-05,nsfw=false
NASCAR,6.877475480336199e-05,nsfw=false
cookingforbeginners,6.874467261662753e-05,nsfw=false
HouseOfCards,6.866044249377106e-05,nsfw=false
playrust,6.86441121638295e-05,nsfw=false
WorkOnline,6.854698967522968e-05,nsfw=false
Unity3D,6.854698967522968e-05,nsfw=false
bjj,6.853925425578368e-05,nsfw=false
thickloads,6.84180660177963e-05,nsfw=true
CelebrityPussy,6.835532317117872e-05,nsfw=true
MeanJokes,6.83381333501876e-05,nsfw=false
BreadStapledToTrees,6.824272984368691e-05,nsfw=false
spotify,6.823843238843913e-05,nsfw=false
ElderScrolls,6.823757289738957e-05,nsfw=false
learnart,6.819803630911e-05,nsfw=false
illusionporn,6.816537564922688e-05,nsfw=false
sarah_xxx,6.812841753409597e-05,nsfw=true
blackdesertonline,6.81086492399562e-05,nsfw=false
emulation,6.806309621432973e-05,nsfw=false
japanpics,6.80596582501315e-05,nsfw=false
Suomi,6.764452407319602e-05,nsfw=false
UnderwearGW,6.757232682503333e-05,nsfw=true
KingdomHearts,6.756201293243865e-05,nsfw=false
Birbs,6.749239415742463e-05,nsfw=false
ABraThatFits,6.74519980780955e-05,nsfw=false
Stellar,6.73643299910408e-05,nsfw=false
bayarea,6.730674409072055e-05,nsfw=false
IncelTears,6.722251396786408e-05,nsfw=false
fireemblem,6.721305956631897e-05,nsfw=false
Overwatch_Porn,6.720188618267474e-05,nsfw=true
shittykickstarters,6.718211788853496e-05,nsfw=false
deals,6.713570537185894e-05,nsfw=false
androidthemes,6.712367249716516e-05,nsfw=false
CamSluts,6.705749168634936e-05,nsfw=true
hipcleavage,6.695607174250176e-05,nsfw=true
texas,6.694575784990709e-05,nsfw=false
blop,6.694060090360975e-05,nsfw=false
FacialFun,6.693630344836198e-05,nsfw=true
UniversityofReddit,6.689504787798329e-05,nsfw=false
JonTron,6.680737979092859e-05,nsfw=false
houston,6.67919089520366e-05,nsfw=false
KendrickLamar,6.675409134585614e-05,nsfw=false
introvert,6.67351825427659e-05,nsfw=false
teefies,6.665782834830588e-05,nsfw=false
painal,6.664149801836431e-05,nsfw=true
Infographics,6.659852346588652e-05,nsfw=false
undelete,6.646444286215581e-05,nsfw=false
AsianCuties,6.645240998746202e-05,nsfw=false
maybemaybemaybe,6.61937031815457e-05,nsfw=false
gifextra,6.60183670074363e-05,nsfw=false
cocktails,6.59306989203816e-05,nsfw=false
exmormon,6.590835215309315e-05,nsfw=false
Breeding,6.583873337807912e-05,nsfw=true
bisexual,6.581810559288978e-05,nsfw=false
blowjobsandwich,6.577427154936243e-05,nsfw=true
CatsAreAssholes,6.549407746720722e-05,nsfw=false
swtor,6.547344968201787e-05,nsfw=false
BlueMidterm2018,6.545454087892765e-05,nsfw=false
PleX,6.54476649505312e-05,nsfw=false
BigBoobsGonewild,6.544508647738254e-05,nsfw=true
Wellworn,6.543907004003564e-05,nsfw=false
ThreadKillers,6.532733620359337e-05,nsfw=false
Supernatural,6.530842740050315e-05,nsfw=false
whatsthisbug,6.529467554371026e-05,nsfw=false
Ooer,6.516575188627688e-05,nsfw=false
THE_PACK,6.502393586310015e-05,nsfw=true
windows,6.494486268654101e-05,nsfw=false
yugioh,6.488899576831988e-05,nsfw=false
AsianPorn,6.488813627727033e-05,nsfw=true
nocontextpics,6.485289714423853e-05,nsfw=false
RemyLaCroix,6.484688070689165e-05,nsfw=true
piano,6.484688070689165e-05,nsfw=false
extramile,6.470592417476448e-05,nsfw=true
ErinAshford,6.468099893432736e-05,nsfw=true
physicsgifs,6.461481812351157e-05,nsfw=false
NSFW_Korea,6.461138015931334e-05,nsfw=true
WWE,6.459161186517355e-05,nsfw=false
youtubetitties,6.452113359910997e-05,nsfw=true
wincest,6.448073751978085e-05,nsfw=true
SocialMediaSluts,6.447644006453307e-05,nsfw=true
AmericanHorrorStory,6.4313996256167e-05,nsfw=false
dragonage,6.429164948887854e-05,nsfw=false
DeadBedrooms,6.424093951695475e-05,nsfw=false
Instantregret,6.423750155275654e-05,nsfw=false
eFreebies,6.421257631231941e-05,nsfw=false
linux4noobs,6.414381702835494e-05,nsfw=false
AppHookup,6.412147026106649e-05,nsfw=false
askgaybros,6.40784957085887e-05,nsfw=false
crypto,6.405357046815158e-05,nsfw=false
FifthWorldPics,6.400715795147556e-05,nsfw=false
NSFW_Plowcam,6.397965423788977e-05,nsfw=true
oddlyterrifying,6.393496070331286e-05,nsfw=false
ShitCosmoSays,6.385674701780328e-05,nsfw=false
FullScorpion,6.380431806378037e-05,nsfw=false
happycryingdads,6.370805506623011e-05,nsfw=false
shield,6.367281593319832e-05,nsfw=false
AwesomeCarMods,6.36693779690001e-05,nsfw=false
TributeMe,6.36461717106621e-05,nsfw=true
chickflixxx,6.354990871311184e-05,nsfw=true
MilitaryGfys,6.351724805322871e-05,nsfw=false
UnsentLetters,6.350091772328715e-05,nsfw=false
Yogscast,6.343473691247134e-05,nsfw=false
longboarding,6.341239014518289e-05,nsfw=false
BreedingMaterial,6.340207625258821e-05,nsfw=true
bikinis,6.326627666675839e-05,nsfw=true
ImaginaryCharacters,6.326283870256017e-05,nsfw=false
MMORPG,6.313219606302768e-05,nsfw=false
futurebeats,6.307890761795521e-05,nsfw=false
foxes,6.306601525221187e-05,nsfw=false
bitchimabus,6.306343677906321e-05,nsfw=false
ArtFundamentals,6.303421408337831e-05,nsfw=false
poker,6.301616477133763e-05,nsfw=false
blender,6.298608258460317e-05,nsfw=false
waterporn,6.297061174571116e-05,nsfw=false
slavs_squatting,6.288380314970603e-05,nsfw=false
LegalTeensXXX,6.285629943612024e-05,nsfw=true
googleplaydeals,6.28511424898229e-05,nsfw=false
AskSocialScience,6.279527557160178e-05,nsfw=false
medicalschool,6.275745796542132e-05,nsfw=false
gopro,6.27402681444302e-05,nsfw=false
newreddits,6.26680708962675e-05,nsfw=false
InfrastructurePorn,6.262423685274015e-05,nsfw=false
FrankOcean,6.247210693696877e-05,nsfw=false
shittyadvice,6.246265253542364e-05,nsfw=false
melbourne,6.23818603767654e-05,nsfw=false
HFY,6.236724902892295e-05,nsfw=false
occult,6.231997702119737e-05,nsfw=false
RileyReid,6.230880363755315e-05,nsfw=true
iiiiiiitttttttttttt,6.225207722828246e-05,nsfw=false
weed,6.205181581373594e-05,nsfw=false
mmgirls,6.201915515385282e-05,nsfw=true
needadvice,6.195211485198746e-05,nsfw=false
tall,6.191859470105478e-05,nsfw=false
starbound,6.1914297245807e-05,nsfw=false
bannedfromclubpenguin,6.185155439918943e-05,nsfw=false
MoundofVenus,6.180342290041429e-05,nsfw=true
leggingsgonewild,6.179654697201785e-05,nsfw=true
paradoxplaza,6.178623307942317e-05,nsfw=false
Atlanta,6.17527129284905e-05,nsfw=false
baconit,6.16710612787827e-05,nsfw=false
ExplainLikeImCalvin,6.1645276547296e-05,nsfw=false
animegifs,6.161777283371023e-05,nsfw=false
seriouseats,6.161347537846245e-05,nsfw=false
gaymers,6.152408830930864e-05,nsfw=false
pic,6.146736190003795e-05,nsfw=false
C25K,6.146650240898839e-05,nsfw=false
2busty2hide,6.1329843332109e-05,nsfw=true
RandomActsOfMuffDive,6.119060578208095e-05,nsfw=true
Undertale,6.115536664904917e-05,nsfw=false
awwnime,6.100495571537689e-05,nsfw=false
crossfit,6.096713810919642e-05,nsfw=false
Oilporn,6.092244457461952e-05,nsfw=true
nsfw_wtf,6.0838214451763045e-05,nsfw=true
SnowWhites,6.08313385233666e-05,nsfw=true
twinpeaks,6.081071073817726e-05,nsfw=false
fasting,6.068694402704121e-05,nsfw=false
Warhammer,6.062849863567141e-05,nsfw=false
booty,6.059325950263962e-05,nsfw=true
PS3,6.0548565968062716e-05,nsfw=false
Political_Revolution,6.0499574978238034e-05,nsfw=false
Firearms,6.045660042576024e-05,nsfw=false
DirtyGaming,6.0432534676372675e-05,nsfw=true
JavDownloadCenter,6.042651823902578e-05,nsfw=true
Animesuggest,6.0329395750425965e-05,nsfw=false
photoshop,6.030790847418707e-05,nsfw=false
nextdoorasians,6.0252901047015495e-05,nsfw=true
Romania,6.024516562756949e-05,nsfw=false
RandomActsOfGaming,6.018672023619969e-05,nsfw=false
bulletjournal,6.008100283710432e-05,nsfw=false
morbidquestions,6.0049201668270754e-05,nsfw=false
linuxmasterrace,6.0049201668270754e-05,nsfw=false
Cricket,6.0000210678446065e-05,nsfw=false
syriancivilwar,5.9986458821653175e-05,nsfw=false
csgo,5.998044238430628e-05,nsfw=false
Addons4Kodi,5.992199699293648e-05,nsfw=false
Calligraphy,5.987128702101269e-05,nsfw=false
SubredditSimMeta,5.984464279847645e-05,nsfw=false
Warhammer40k,5.9836047887980895e-05,nsfw=false
cfnm,5.979994926389955e-05,nsfw=true
Vaping,5.973548743518286e-05,nsfw=false
Handwriting,5.9725173542588186e-05,nsfw=false
crochet,5.970712423054752e-05,nsfw=false
ProtectAndServe,5.9704545757398844e-05,nsfw=false
criticalrole,5.966500916911927e-05,nsfw=false
ShittyAnimalFacts,5.9660711713871494e-05,nsfw=false
NotSafeForNature,5.9652976294425495e-05,nsfw=true
MildlyVandalised,5.964352189288038e-05,nsfw=false
legs,5.952491212804167e-05,nsfw=true
RocketLeagueExchange,5.949912739655499e-05,nsfw=false
Ebony,5.943896302308608e-05,nsfw=true
Accounting,5.9375360685418944e-05,nsfw=false
HybridAnimals,5.9309179874603145e-05,nsfw=false
askphilosophy,5.92515939742829e-05,nsfw=false
WildernessBackpacking,5.9177677744021094e-05,nsfw=false
alternativeart,5.917681825297154e-05,nsfw=false
PreggoPorn,5.9081414746470836e-05,nsfw=true
MassiveTitsnAss,5.9061646452331054e-05,nsfw=true
BBQ,5.89885897131188e-05,nsfw=false
Nipples,5.892326839335256e-05,nsfw=true
whatsthisplant,5.8912954500757887e-05,nsfw=false
brooklynninenine,5.8906938063410995e-05,nsfw=false
BigCatGifs,5.884161674364475e-05,nsfw=false
smoobypost,5.882786488685185e-05,nsfw=false
PersonalFinanceCanada,5.880379913746429e-05,nsfw=false
powerlifting,5.870581715781492e-05,nsfw=false
bustyasians,5.8661123623238016e-05,nsfw=true
pitbulls,5.849266337752506e-05,nsfw=false
vita,5.8412730709916364e-05,nsfw=false
creampie,5.8404135799420806e-05,nsfw=true
NotKenM,5.838264852318191e-05,nsfw=false
uglyduckling,5.8263179267293644e-05,nsfw=false
TheHangingBoobs,5.819871743857695e-05,nsfw=true
guitarlessons,5.8190122528081394e-05,nsfw=false
collared,5.815574288609916e-05,nsfw=true
ImaginaryMindscapes,5.812050375306737e-05,nsfw=false
BabyBumps,5.811190884257181e-05,nsfw=false
RuinedOrgasms,5.802681922866578e-05,nsfw=true
aa_cups,5.802338126446756e-05,nsfw=true
seethru,5.800017500612955e-05,nsfw=true
MovieSuggestions,5.79932990777331e-05,nsfw=false
happycowgifs,5.795290299840397e-05,nsfw=false
The_Best_NSFW_GIFS,5.787382982184483e-05,nsfw=true
Borderlands2,5.7823119849921036e-05,nsfw=false
gamecollecting,5.7812805957326364e-05,nsfw=false
modelmakers,5.7793897154236135e-05,nsfw=false
PHP,5.776381496750168e-05,nsfw=false
emojipasta,5.7696774665636324e-05,nsfw=false
Fireteams,5.7682163317793874e-05,nsfw=false
dykesgonewild,5.7610825560680736e-05,nsfw=true
mylittlepony,5.756011558875694e-05,nsfw=false
weddingplanning,5.7508546125783585e-05,nsfw=false
HaloOnline,5.7499091724238474e-05,nsfw=false
Delightfullychubby,5.747244750170224e-05,nsfw=false
SlimThick,5.747158801065268e-05,nsfw=true
polyamory,5.745697666281023e-05,nsfw=false
reverseanimalrescue,5.743892735076956e-05,nsfw=false
canthold,5.7425175493976664e-05,nsfw=true
offlineTV,5.7417440074530666e-05,nsfw=false
mycology,5.7347821299516635e-05,nsfw=false
imaginarymaps,5.725585575721416e-05,nsfw=false
Scotch,5.7202567312141694e-05,nsfw=false
sbubby,5.720084833004258e-05,nsfw=false
BMW,5.716217123281257e-05,nsfw=false
humblebrag,5.713294853712767e-05,nsfw=false
OralCreampie,5.712693209978078e-05,nsfw=true
rugbyunion,5.689057206115291e-05,nsfw=false
cumonclothes,5.687166325806268e-05,nsfw=true
sweatermeat,5.6869944275963574e-05,nsfw=true
TheUnderbun,5.685705191022023e-05,nsfw=true
NSFWCostumes,5.679087109940443e-05,nsfw=true
Offensive_Wallpapers,5.678313567995843e-05,nsfw=false
dwarffortress,5.677024331421509e-05,nsfw=false
ainbow,5.671695486914263e-05,nsfw=false
ReverseEngineering,5.6627567799988815e-05,nsfw=false
education,5.659576663115525e-05,nsfw=false
LatinasGW,5.659490714010569e-05,nsfw=true
sciencefiction,5.6569122408619014e-05,nsfw=false
preppers,5.654247818608278e-05,nsfw=false
MasterOfAnal,5.650809854410055e-05,nsfw=true
GoneErotic,5.6458248063226306e-05,nsfw=true
gravityfalls,5.639808368975739e-05,nsfw=false
mlb,5.636284455672561e-05,nsfw=false
JessicaNigri,5.6279473924918685e-05,nsfw=true
FrogButt,5.625798664867979e-05,nsfw=true
Pegging,5.61935248199631e-05,nsfw=true
dashcamgifs,5.60474113415386e-05,nsfw=false
SampleSize,5.603881643104304e-05,nsfw=false
shrooms,5.6037956939993486e-05,nsfw=false
JustHotWomen,5.603451897579526e-05,nsfw=true
Xsome,5.600099882486258e-05,nsfw=true
Bass,5.5998420351713915e-05,nsfw=false
onejob,5.592192564830344e-05,nsfw=false
StreamersGoneWild,5.586176127483453e-05,nsfw=true
SkyPorn,5.5760341330986934e-05,nsfw=false
brokengifs,5.571908576060826e-05,nsfw=false
opendirectories,5.5717366778509144e-05,nsfw=false
goodyearwelt,5.564860749454467e-05,nsfw=false
loadingicon,5.558930261212532e-05,nsfw=false
snapchatgw,5.557555075533242e-05,nsfw=true
law,5.551194841766529e-05,nsfw=false
Rabbits,5.545006506209726e-05,nsfw=false
amazonecho,5.544404862475038e-05,nsfw=false
pornID,5.541912338431326e-05,nsfw=true
Surface,5.538474374233102e-05,nsfw=false
Drama,5.5383024760231905e-05,nsfw=false
RWBY,5.537099188553813e-05,nsfw=false
Dollywinks,5.5364975448191236e-05,nsfw=true
gamingpc,5.5273009905888756e-05,nsfw=false
awfuleverything,5.5223159425014514e-05,nsfw=false
tight_shorts,5.518276334568539e-05,nsfw=true
Tronix,5.516471403364471e-05,nsfw=false
realsexyselfies,5.513978879320759e-05,nsfw=true
makinghiphop,5.513892930215804e-05,nsfw=false
mlem,5.510970660647314e-05,nsfw=false
Denver,5.5098533222828915e-05,nsfw=false
California,5.509595474968024e-05,nsfw=false
retiredgif,5.50598561255989e-05,nsfw=false
shorthairedhotties,5.5002270225278656e-05,nsfw=false
redneckengineering,5.5001410734229096e-05,nsfw=false
altcoin,5.496875007434598e-05,nsfw=false
philadelphia,5.4914602138223956e-05,nsfw=false
energy,5.490342875457973e-05,nsfw=false
donaldglover,5.487420605889483e-05,nsfw=false
Puffies,5.4797711355484355e-05,nsfw=true
continuityporn,5.47676291687499e-05,nsfw=false
thinspo,5.4716059705776546e-05,nsfw=false
talesfromcallcenters,5.469972937583499e-05,nsfw=false
FastWorkers,5.469285344743854e-05,nsfw=false
China,5.467136617119964e-05,nsfw=false
StreetFighter,5.465933329650586e-05,nsfw=false
DBZDokkanBattle,5.462581314557318e-05,nsfw=false
cpp,5.459143350359095e-05,nsfw=false
Chromecast,5.458799553939272e-05,nsfw=false
deepweb,5.451407930913092e-05,nsfw=false
GreenBayPackers,5.450548439863536e-05,nsfw=false
cardano,5.4498608470238915e-05,nsfw=false
belgium,5.447196424770268e-05,nsfw=false
LilyIvy,5.419091067449791e-05,nsfw=true
GaybrosGoneWild,5.4188332201349244e-05,nsfw=true
before_after_cumsluts,5.414879561306967e-05,nsfw=true
DeFranco,5.411269698898833e-05,nsfw=false
flying,5.409808564114588e-05,nsfw=false
learnmath,5.408433378435298e-05,nsfw=false
horizon,5.4080895820154754e-05,nsfw=false
askwomenadvice,5.4066284472312304e-05,nsfw=false
pokemontrades,5.4052532615519414e-05,nsfw=false
Ifyouhadtopickone,5.4004401116744285e-05,nsfw=true
CatGifs,5.396142656426649e-05,nsfw=false
PlayItAgainSam,5.3960567073216934e-05,nsfw=false
LoLeventVoDs,5.394853419852315e-05,nsfw=false
Pets,5.3831643415783556e-05,nsfw=false
bigdickproblems,5.379898275590043e-05,nsfw=false
nothingeverhappens,5.3786949881206646e-05,nsfw=false
stopsmoking,5.3762024640769525e-05,nsfw=false
joi,5.373022347193596e-05,nsfw=true
germany,5.3666621134268826e-05,nsfw=false
leaves,5.363911742068304e-05,nsfw=false
asktransgender,5.3603018796601694e-05,nsfw=false
pyrocynical,5.3550589842578786e-05,nsfw=false
braceface,5.3549730351529226e-05,nsfw=true
linux_gaming,5.3524805111092105e-05,nsfw=false
nursing,5.3515350709546993e-05,nsfw=false
Annoyedtobenude,5.350331783485321e-05,nsfw=true
ShinyPorn,5.345948379132586e-05,nsfw=true
Teachers,5.3443153461384296e-05,nsfw=false
Thicker,5.335892333852782e-05,nsfw=true
gwent,5.3336576571239366e-05,nsfw=false
Random_Acts_Of_Pizza,5.330305642030669e-05,nsfw=false
Floof,5.318874411071576e-05,nsfw=false
TsundereSharks,5.3138034138791964e-05,nsfw=false
farcry,5.306239892643105e-05,nsfw=false
collapse,5.297988778567368e-05,nsfw=false
PSVR,5.289050071651987e-05,nsfw=false
NotHowDrugsWork,5.286815394923142e-05,nsfw=false
ipad,5.285612107453763e-05,nsfw=false
FilthyFrank,5.282603888780318e-05,nsfw=false
titstouchingtits,5.280713008471295e-05,nsfw=true
argentina,5.270571014086536e-05,nsfw=false
freelance,5.269195828407246e-05,nsfw=false
ButtSharpies,5.263437238375222e-05,nsfw=true
RBI,5.261632307171155e-05,nsfw=false
PokePorn,5.256905106398597e-05,nsfw=true
csharp,5.2557877680341746e-05,nsfw=false
footballhighlights,5.255014226089574e-05,nsfw=false
Animalsthatlovemagic,5.252521702045862e-05,nsfw=false
pizzadare,5.2489118396377275e-05,nsfw=true
linuxadmin,5.247794501273305e-05,nsfw=false
LatinaCuties,5.236707066734034e-05,nsfw=false
datascience,5.231378222226788e-05,nsfw=false
kodi,5.229487341917765e-05,nsfw=false
NucleusVision,5.223642802780785e-05,nsfw=false
FantasyPL,5.21925939842805e-05,nsfw=false
projectcar,5.2135867575009814e-05,nsfw=false
dragonballfighterz,5.212555368241514e-05,nsfw=false
celebsnaked,5.2098049968829355e-05,nsfw=true
NobodyAsked,5.2073124728392234e-05,nsfw=false
teslore,5.198287816818887e-05,nsfw=false
Blonde,5.196310987404908e-05,nsfw=true
LatinoPeopleTwitter,5.1871144331746606e-05,nsfw=false
Bonsai,5.182988876136792e-05,nsfw=false
BigBrother,5.180410402988125e-05,nsfw=false
GirlsinSchoolUniforms,5.17894926820388e-05,nsfw=true
GetStudying,5.1763707950552116e-05,nsfw=false
animation,5.1757691513205224e-05,nsfw=false
damngoodinterracial,5.170354357708321e-05,nsfw=true
buildapcforme,5.1662288006704526e-05,nsfw=false
3dshacks,5.164423869466385e-05,nsfw=false
OTMemes,5.163564378416829e-05,nsfw=false
CampingGear,5.1520471983527804e-05,nsfw=false
SEO,5.1493827760991576e-05,nsfw=false
PhotoshopRequest,5.1479216413149126e-05,nsfw=false
wine,5.1478356922099566e-05,nsfw=false
VillagePorn,5.146976201160401e-05,nsfw=false
BitcoinBeginners,5.1376077487202416e-05,nsfw=false
CabinPorn,5.137435850510331e-05,nsfw=false
Afrodisiac,5.131935107793173e-05,nsfw=true
CCW,5.128411194489994e-05,nsfw=false
lectures,5.122910451772836e-05,nsfw=false
Hunting,5.122222858933192e-05,nsfw=false
showerbeer,5.121793113408414e-05,nsfw=false
Gaming4Gamers,5.114573388592145e-05,nsfw=false
insertions,5.111823017233565e-05,nsfw=true
Gamingcirclejerk,5.1085569512452534e-05,nsfw=false
xxketo,5.107181765565964e-05,nsfw=false
TrueAtheism,5.103571903157829e-05,nsfw=false
blackops3,5.1027124121082733e-05,nsfw=false
node,5.098672804175361e-05,nsfw=false
holdmybeaker,5.092226621303692e-05,nsfw=false
punk,5.0920547230937804e-05,nsfw=false
MyCherryCrush,5.0893903008401576e-05,nsfw=true
TessaFowler,5.0839755072279555e-05,nsfw=true
PuppySmiles,5.08328791438831e-05,nsfw=false
TheOnion,5.083030067073444e-05,nsfw=false
curledfeetsies,5.0795061537702645e-05,nsfw=false
PantiesToTheSide,5.078732611825665e-05,nsfw=true
osugame,5.077185527936464e-05,nsfw=false
HungryButts,5.076326036886908e-05,nsfw=true
SpreadEm,5.0727161744787733e-05,nsfw=true
Kappa,5.066613788026927e-05,nsfw=false
seinfeldgifs,5.0660121442922375e-05,nsfw=false
washingtondc,5.061456841729591e-05,nsfw=false
retrogaming,5.055956099012434e-05,nsfw=false
RandomKindness,5.0514007964497874e-05,nsfw=false
see,5.048650425091209e-05,nsfw=false
tolkienfans,5.0476190358317416e-05,nsfw=false
Jeep,5.041000954750162e-05,nsfw=false
JizzedToThis,5.031976298729825e-05,nsfw=true
Defenders,5.029311876476202e-05,nsfw=false
yiff,5.0254441667532005e-05,nsfw=true
Sexsells,5.0254441667532005e-05,nsfw=true
mountandblade,5.021318609715332e-05,nsfw=false
Just18,5.021146711505421e-05,nsfw=true
funsizedasian,5.017364950887375e-05,nsfw=true
Cheap_Meals,5.01590381610313e-05,nsfw=false
Cartalk,5.0155600196833074e-05,nsfw=false
Fullmoviesonvimeo,5.011606360855351e-05,nsfw=false
cuckquean,5.008254345762083e-05,nsfw=true
Anjelica_Ebbi,5.005847770823326e-05,nsfw=true
DestructionPorn,5.004902330668815e-05,nsfw=false
Xcom,4.998799944216968e-05,nsfw=false
eldertrees,4.9847042910042516e-05,nsfw=false
FreeGameFindings,4.9784300063424936e-05,nsfw=false
gamemusic,4.9706086377915354e-05,nsfw=false
samespecies,4.968975604797379e-05,nsfw=true
SelfSufficiency,4.964076505814911e-05,nsfw=false
bourbon,4.963990556709955e-05,nsfw=false
conspiratard,4.962615371030666e-05,nsfw=false
Presenting,4.9614980326662434e-05,nsfw=true
synthesizers,4.9610682871414655e-05,nsfw=false
Persona5,4.9485197178179496e-05,nsfw=false
RTLSDR,4.9474023794535265e-05,nsfw=false
legendarylootz,4.944394160780081e-05,nsfw=true
iWallpaper,4.9430189751007915e-05,nsfw=false
LoveToWatchYouLeave,4.939495061797613e-05,nsfw=true
guitarpedals,4.9236804264857845e-05,nsfw=false
lakers,4.919125123923139e-05,nsfw=false
discgolf,4.91422602494067e-05,nsfw=false
aliens,4.912249195526692e-05,nsfw=false
icocrypto,4.910702111637491e-05,nsfw=false
ghettoglamourshots,4.9106161625325354e-05,nsfw=false
pulsatingcumshots,4.9067484528095336e-05,nsfw=true
socialmedia,4.906490605494667e-05,nsfw=false
tightsqueeze,4.904599725185644e-05,nsfw=true
Goatparkour,4.899270880678398e-05,nsfw=false
Warthunder,4.898755186048664e-05,nsfw=false
AmItheAsshole,4.898325440523886e-05,nsfw=false
TinyTrumps,4.896520509319819e-05,nsfw=false
Scrubs,4.8956610182702634e-05,nsfw=false
TotallyStraight,4.895403170955396e-05,nsfw=true
DarkNetMarketsNoobs,4.89454367990584e-05,nsfw=true
army,4.894457730800885e-05,nsfw=false
sportsbook,4.89299659601664e-05,nsfw=false
Anthropology,4.892480901386906e-05,nsfw=false
spiderbro,4.8889569880837275e-05,nsfw=false
FFXV,4.8863785149350594e-05,nsfw=false
smoking,4.8841438382062146e-05,nsfw=false
NSFWBarista,4.88130751774268e-05,nsfw=true
SplitDepthGIFS,4.876924113389945e-05,nsfw=false
orangeisthenewblack,4.872970454561988e-05,nsfw=false
PornStarletHQ,4.872282861722343e-05,nsfw=true
petite,4.869188693943942e-05,nsfw=true
lotrmemes,4.8627425110722734e-05,nsfw=false
gay,4.8608516307632505e-05,nsfw=false
lifeofnorman,4.860593783448383e-05,nsfw=false
AMADisasters,4.8593904959790055e-05,nsfw=false
gallifrey,4.857757462984849e-05,nsfw=false
Paladins,4.853374058632114e-05,nsfw=false
riddles,4.85131128011318e-05,nsfw=false
irlsmurfing,4.85131128011318e-05,nsfw=false
PrettyGirlsUglyFaces,4.847959265019912e-05,nsfw=false
democrats,4.845982435605934e-05,nsfw=false
funkopop,4.8438337079820436e-05,nsfw=false
sloths,4.842200674987888e-05,nsfw=false
DMAcademy,4.841083336623465e-05,nsfw=false
WackyTicTacs,4.838161067054975e-05,nsfw=false
orgasmcontrol,4.838161067054975e-05,nsfw=true
LetsTalkMusic,4.8370437286905524e-05,nsfw=false
ghibli,4.833347917177462e-05,nsfw=false
drums,4.8326603243378174e-05,nsfw=false
airsoft,4.8323165279179955e-05,nsfw=false
NeckbeardNests,4.831113240448617e-05,nsfw=false
puppies,4.8245811084719925e-05,nsfw=false
Makeup,4.817791129180501e-05,nsfw=false
cottontails,4.8176192309705894e-05,nsfw=true
MilitaryGoneWild,4.817103536340856e-05,nsfw=true
ScenesFromAHat,4.8147829105070554e-05,nsfw=false
SeattleWA,4.812290386463343e-05,nsfw=false
tits,4.8095400151047645e-05,nsfw=true
Lovecraft,4.808594574950253e-05,nsfw=false
TrueDetective,4.805758254486719e-05,nsfw=false
GoneWildHairy,4.804640916122296e-05,nsfw=true
CowChop,4.80455496701734e-05,nsfw=false
Orgasms,4.8027500358132734e-05,nsfw=true
paydaytheheist,4.798796376985316e-05,nsfw=false
googlehome,4.7926080414285136e-05,nsfw=false
GifSound,4.792436143218602e-05,nsfw=false
WaltDisneyWorld,4.788568433495601e-05,nsfw=false
PeopleBeingJerks,4.7832395889883544e-05,nsfw=false
AirForce,4.780833014049598e-05,nsfw=false
BlowjobGifs,4.777309100746419e-05,nsfw=true
creampiegifs,4.776965304326597e-05,nsfw=true
shitpost,4.776449609696863e-05,nsfw=false
MGTOW,4.7747306275977516e-05,nsfw=false
